0,1,2,3,4
9j22fi9gb62rB4luAgce49ahegf_qBbg,4da2cfjf443wB5eDp6b34honega1xx6n,1477969147,104.07513,30.72724
9j22fi9gb62rB4luAgce49ahegf_qBbg,4da2cfjf443wB5eDp6b34honega1xx6n,1477969150,104.07513,30.72702
9j22fi9gb62rB4luAgce49ahegf_qBbg,4da2cfjf443wB5eDp6b34honega1xx6n,1477969154,104.07504,30.72672
9j22fi9gb62rB4luAgce49ahegf_qBbg,4da2cfjf443wB5eDp6b34honega1xx6n,1477969156,104.07497,30.7263
9j22fi9gb62rB4luAgce49ahegf_qBbg,4da2cfjf443wB5eDp6b34honega1xx6n,1477969159,104.07497,30.72582
9j22fi9gb62rB4luAgce49ahegf_qBbg,4da2cfjf443wB5eDp6b34honega1xx6n,1477969162,104.07496,30.72544
9j22fi9gb62rB4luAgce49ahegf_qBbg,4da2cfjf443wB5eDp6b34honega1xx6n,1477969168,104.07489,30.72487
9j22fi9gb62rB4luAgce49ahegf_qBbg,4da2cfjf443wB5eDp6b34honega1xx6n,1477969171,104.07476,30.72456
9j22fi9gb62rB4luAgce49ahegf_qBbg,4da2cfjf443wB5eDp6b34honega1xx6n,1477969174,104.07457,30.72434
9j22fi9gb62rB4luAgce49ahegf_qBbg,4da2cfjf443wB5eDp6b34honega1xx6n,1477969177,104.07434,30.72406
9j22fi9gb62rB4luAgce49ahegf_qBbg,4da2cfjf443wB5eDp6b34honega1xx6n,1477969180,104.07422,30.72379
9j22fi9gb62rB4luAgce49ahegf_qBbg,4da2cfjf443wB5eDp6b34honega1xx6n,1477969183,104.07424,30.72351
9j22fi9gb62rB4luAgce49ahegf_qBbg,4da2cfjf443wB5eDp6b34honega1xx6n,1477969186,104.07449,30.72315
9j22fi9gb62rB4luAgce49ahegf_qBbg,4da2cfjf443wB5eDp6b34honega1xx6n,1477969189,104.07481,30.723
9j22fi9gb62rB4luAgce49ahegf_qBbg,4da2cfjf443wB5eDp6b34honega1xx6n,1477969193,104.07506,30.72298
9j22fi9gb62rB4luAgce49ahegf_qBbg,4da2cfjf443wB5eDp6b34honega1xx6n,1477969195,104.07539,30.72301
9j22fi9gb62rB4luAgce49ahegf_qBbg,4da2cfjf443wB5eDp6b34honega1xx6n,1477969198,104.07576,30.72308
9j22fi9gb62rB4luAgce49ahegf_qBbg,25769lk9g9-ur5cusgha8co8gic2xr9k,1477983974,104.04275,30.69225
9j22fi9gb62rB4luAgce49ahegf_qBbg,25769lk9g9-ur5cusgha8co8gic2xr9k,1477983977,104.04291,30.69237
9j22fi9gb62rB4luAgce49ahegf_qBbg,25769lk9g9-ur5cusgha8co8gic2xr9k,1477983980,104.04305,30.69246
9j22fi9gb62rB4luAgce49ahegf_qBbg,25769lk9g9-ur5cusgha8co8gic2xr9k,1477983983,104.04326,30.6926
9j22fi9gb62rB4luAgce49ahegf_qBbg,25769lk9g9-ur5cusgha8co8gic2xr9k,1477983986,104.04324,30.69255
9j22fi9gb62rB4luAgce49ahegf_qBbg,25769lk9g9-ur5cusgha8co8gic2xr9k,1477983989,104.04322,30.69249
9j22fi9gb62rB4luAgce49ahegf_qBbg,25769lk9g9-ur5cusgha8co8gic2xr9k,1477983992,104.04319,30.69241
9j22fi9gb62rB4luAgce49ahegf_qBbg,25769lk9g9-ur5cusgha8co8gic2xr9k,1477983995,104.0431,30.6922
9j22fi9gb62rB4luAgce49ahegf_qBbg,25769lk9g9-ur5cusgha8co8gic2xr9k,1477983998,104.04305,30.69207
9j22fi9gb62rB4luAgce49ahegf_qBbg,25769lk9g9-ur5cusgha8co8gic2xr9k,1477984002,104.043,30.69196
9j22fi9gb62rB4luAgce49ahegf_qBbg,25769lk9g9-ur5cusgha8co8gic2xr9k,1477984004,104.04297,30.69187
9j22fi9gb62rB4luAgce49ahegf_qBbg,25769lk9g9-ur5cusgha8co8gic2xr9k,1477984007,104.04289,30.6917
9j22fi9gb62rB4luAgce49ahegf_qBbg,25769lk9g9-ur5cusgha8co8gic2xr9k,1477984010,104.04283,30.69148
9j22fi9gb62rB4luAgce49ahegf_qBbg,25769lk9g9-ur5cusgha8co8gic2xr9k,1477984013,104.04281,30.69124
9j22fi9gb62rB4luAgce49ahegf_qBbg,25769lk9g9-ur5cusgha8co8gic2xr9k,1477984016,104.04279,30.69101
9j22fi9gb62rB4luAgce49ahegf_qBbg,25769lk9g9-ur5cusgha8co8gic2xr9k,1477984019,104.04275,30.69091
9j22fi9gb62rB4luAgce49ahegf_qBbg,25769lk9g9-ur5cusgha8co8gic2xr9k,1477984022,104.04285,30.69085
9j22fi9gb62rB4luAgce49ahegf_qBbg,25769lk9g9-ur5cusgha8co8gic2xr9k,1477984025,104.04294,30.69082
9j22fi9gb62rB4luAgce49ahegf_qBbg,25769lk9g9-ur5cusgha8co8gic2xr9k,1477984028,104.04318,30.69074
9j22fi9gb62rB4luAgce49ahegf_qBbg,25769lk9g9-ur5cusgha8co8gic2xr9k,1477984031,104.04344,30.69066
9j22fi9gb62rB4luAgce49ahegf_qBbg,25769lk9g9-ur5cusgha8co8gic2xr9k,1477984034,104.04361,30.69061
9j22fi9gb62rB4luAgce49ahegf_qBbg,25769lk9g9-ur5cusgha8co8gic2xr9k,1477984037,104.04394,30.6905
9j22fi9gb62rB4luAgce49ahegf_qBbg,25769lk9g9-ur5cusgha8co8gic2xr9k,1477984040,104.04423,30.6904
9j22fi9gb62rB4luAgce49ahegf_qBbg,25769lk9g9-ur5cusgha8co8gic2xr9k,1477984046,104.04467,30.69014
9j22fi9gb62rB4luAgce49ahegf_qBbg,25769lk9g9-ur5cusgha8co8gic2xr9k,1477984049,104.04483,30.69002
9j22fi9gb62rB4luAgce49ahegf_qBbg,25769lk9g9-ur5cusgha8co8gic2xr9k,1477984052,104.04514,30.68979
9j22fi9gb62rB4luAgce49ahegf_qBbg,25769lk9g9-ur5cusgha8co8gic2xr9k,1477984055,104.04535,30.68962
9j22fi9gb62rB4luAgce49ahegf_qBbg,25769lk9g9-ur5cusgha8co8gic2xr9k,1477984058,104.04545,30.68952
9j22fi9gb62rB4luAgce49ahegf_qBbg,25769lk9g9-ur5cusgha8co8gic2xr9k,1477984061,104.04551,30.68946
9j22fi9gb62rB4luAgce49ahegf_qBbg,25769lk9g9-ur5cusgha8co8gic2xr9k,1477984064,104.04553,30.68944
9j22fi9gb62rB4luAgce49ahegf_qBbg,25769lk9g9-ur5cusgha8co8gic2xr9k,1477984067,104.04553,30.68944
9j22fi9gb62rB4luAgce49ahegf_qBbg,25769lk9g9-ur5cusgha8co8gic2xr9k,1477984070,104.04554,30.68943
9j22fi9gb62rB4luAgce49ahegf_qBbg,25769lk9g9-ur5cusgha8co8gic2xr9k,1477984073,104.04562,30.68937
9j22fi9gb62rB4luAgce49ahegf_qBbg,25769lk9g9-ur5cusgha8co8gic2xr9k,1477984076,104.04572,30.68927
9j22fi9gb62rB4luAgce49ahegf_qBbg,25769lk9g9-ur5cusgha8co8gic2xr9k,1477984079,104.0458,30.6892
9j22fi9gb62rB4luAgce49ahegf_qBbg,25769lk9g9-ur5cusgha8co8gic2xr9k,1477984082,104.04593,30.68905
9j22fi9gb62rB4luAgce49ahegf_qBbg,25769lk9g9-ur5cusgha8co8gic2xr9k,1477984085,104.0461,30.68888
9j22fi9gb62rB4luAgce49ahegf_qBbg,25769lk9g9-ur5cusgha8co8gic2xr9k,1477984088,104.0463,30.68867
9j22fi9gb62rB4luAgce49ahegf_qBbg,25769lk9g9-ur5cusgha8co8gic2xr9k,1477984091,104.04647,30.68849
9j22fi9gb62rB4luAgce49ahegf_qBbg,25769lk9g9-ur5cusgha8co8gic2xr9k,1477984095,104.04668,30.68828
9j22fi9gb62rB4luAgce49ahegf_qBbg,25769lk9g9-ur5cusgha8co8gic2xr9k,1477984097,104.04688,30.68808
9j22fi9gb62rB4luAgce49ahegf_qBbg,25769lk9g9-ur5cusgha8co8gic2xr9k,1477984100,104.047,30.68796
9j22fi9gb62rB4luAgce49ahegf_qBbg,25769lk9g9-ur5cusgha8co8gic2xr9k,1477984103,104.04717,30.68778
9j22fi9gb62rB4luAgce49ahegf_qBbg,25769lk9g9-ur5cusgha8co8gic2xr9k,1477984106,104.04735,30.68759
9j22fi9gb62rB4luAgce49ahegf_qBbg,25769lk9g9-ur5cusgha8co8gic2xr9k,1477984109,104.04748,30.68745
9j22fi9gb62rB4luAgce49ahegf_qBbg,25769lk9g9-ur5cusgha8co8gic2xr9k,1477984112,104.04756,30.68737
9j22fi9gb62rB4luAgce49ahegf_qBbg,25769lk9g9-ur5cusgha8co8gic2xr9k,1477984115,104.0475,30.68716
9j22fi9gb62rB4luAgce49ahegf_qBbg,25769lk9g9-ur5cusgha8co8gic2xr9k,1477984118,104.04728,30.68699
9j22fi9gb62rB4luAgce49ahegf_qBbg,25769lk9g9-ur5cusgha8co8gic2xr9k,1477984124,104.04698,30.68677
9j22fi9gb62rB4luAgce49ahegf_qBbg,25769lk9g9-ur5cusgha8co8gic2xr9k,1477984127,104.04682,30.68664
9j22fi9gb62rB4luAgce49ahegf_qBbg,25769lk9g9-ur5cusgha8co8gic2xr9k,1477984130,104.04674,30.68658
9j22fi9gb62rB4luAgce49ahegf_qBbg,25769lk9g9-ur5cusgha8co8gic2xr9k,1477984133,104.04663,30.68649
9j22fi9gb62rB4luAgce49ahegf_qBbg,25769lk9g9-ur5cusgha8co8gic2xr9k,1477984136,104.0464,30.68631
9j22fi9gb62rB4luAgce49ahegf_qBbg,25769lk9g9-ur5cusgha8co8gic2xr9k,1477984139,104.04617,30.68615
9j22fi9gb62rB4luAgce49ahegf_qBbg,25769lk9g9-ur5cusgha8co8gic2xr9k,1477984142,104.046,30.68603
9j22fi9gb62rB4luAgce49ahegf_qBbg,25769lk9g9-ur5cusgha8co8gic2xr9k,1477984145,104.04593,30.68597
9j22fi9gb62rB4luAgce49ahegf_qBbg,25769lk9g9-ur5cusgha8co8gic2xr9k,1477984148,104.04579,30.68571
9j22fi9gb62rB4luAgce49ahegf_qBbg,25769lk9g9-ur5cusgha8co8gic2xr9k,1477984151,104.04566,30.68549
9j22fi9gb62rB4luAgce49ahegf_qBbg,25769lk9g9-ur5cusgha8co8gic2xr9k,1477984154,104.0455,30.68519
9j22fi9gb62rB4luAgce49ahegf_qBbg,25769lk9g9-ur5cusgha8co8gic2xr9k,1477984157,104.04544,30.68508
9j22fi9gb62rB4luAgce49ahegf_qBbg,25769lk9g9-ur5cusgha8co8gic2xr9k,1477984160,104.04536,30.68483
9j22fi9gb62rB4luAgce49ahegf_qBbg,25769lk9g9-ur5cusgha8co8gic2xr9k,1477984163,104.04524,30.68455
9j22fi9gb62rB4luAgce49ahegf_qBbg,25769lk9g9-ur5cusgha8co8gic2xr9k,1477984166,104.04518,30.68441
9j22fi9gb62rB4luAgce49ahegf_qBbg,25769lk9g9-ur5cusgha8co8gic2xr9k,1477984169,104.04514,30.68432
9j22fi9gb62rB4luAgce49ahegf_qBbg,25769lk9g9-ur5cusgha8co8gic2xr9k,1477984172,104.04507,30.68417
9j22fi9gb62rB4luAgce49ahegf_qBbg,25769lk9g9-ur5cusgha8co8gic2xr9k,1477984175,104.04498,30.684
9j22fi9gb62rB4luAgce49ahegf_qBbg,25769lk9g9-ur5cusgha8co8gic2xr9k,1477984178,104.0449,30.68387
9j22fi9gb62rB4luAgce49ahegf_qBbg,25769lk9g9-ur5cusgha8co8gic2xr9k,1477984181,104.04484,30.6838
9j22fi9gb62rB4luAgce49ahegf_qBbg,25769lk9g9-ur5cusgha8co8gic2xr9k,1477984184,104.04483,30.68379
9j22fi9gb62rB4luAgce49ahegf_qBbg,25769lk9g9-ur5cusgha8co8gic2xr9k,1477984190,104.04465,30.6836
9j22fi9gb62rB4luAgce49ahegf_qBbg,25769lk9g9-ur5cusgha8co8gic2xr9k,1477984193,104.04455,30.6835
9j22fi9gb62rB4luAgce49ahegf_qBbg,25769lk9g9-ur5cusgha8co8gic2xr9k,1477984196,104.04458,30.68353
9j22fi9gb62rB4luAgce49ahegf_qBbg,25769lk9g9-ur5cusgha8co8gic2xr9k,1477984200,104.04454,30.68349
9j22fi9gb62rB4luAgce49ahegf_qBbg,25769lk9g9-ur5cusgha8co8gic2xr9k,1477984202,104.04451,30.68347
9j22fi9gb62rB4luAgce49ahegf_qBbg,25769lk9g9-ur5cusgha8co8gic2xr9k,1477984205,104.04447,30.68343
9j22fi9gb62rB4luAgce49ahegf_qBbg,25769lk9g9-ur5cusgha8co8gic2xr9k,1477984211,104.04445,30.68332
9j22fi9gb62rB4luAgce49ahegf_qBbg,25769lk9g9-ur5cusgha8co8gic2xr9k,1477984214,104.04453,30.68324
9j22fi9gb62rB4luAgce49ahegf_qBbg,25769lk9g9-ur5cusgha8co8gic2xr9k,1477984217,104.04462,30.68317
9j22fi9gb62rB4luAgce49ahegf_qBbg,25769lk9g9-ur5cusgha8co8gic2xr9k,1477984220,104.04487,30.68305
9j22fi9gb62rB4luAgce49ahegf_qBbg,25769lk9g9-ur5cusgha8co8gic2xr9k,1477984223,104.04505,30.68302
9j22fi9gb62rB4luAgce49ahegf_qBbg,25769lk9g9-ur5cusgha8co8gic2xr9k,1477984226,104.04532,30.68298
9j22fi9gb62rB4luAgce49ahegf_qBbg,25769lk9g9-ur5cusgha8co8gic2xr9k,1477984229,104.04553,30.68299
9j22fi9gb62rB4luAgce49ahegf_qBbg,25769lk9g9-ur5cusgha8co8gic2xr9k,1477984232,104.04561,30.68297
9j22fi9gb62rB4luAgce49ahegf_qBbg,25769lk9g9-ur5cusgha8co8gic2xr9k,1477984235,104.04561,30.68297
9j22fi9gb62rB4luAgce49ahegf_qBbg,25769lk9g9-ur5cusgha8co8gic2xr9k,1477984238,104.04557,30.68294
9j22fi9gb62rB4luAgce49ahegf_qBbg,25769lk9g9-ur5cusgha8co8gic2xr9k,1477984241,104.04554,30.68292
9j22fi9gb62rB4luAgce49ahegf_qBbg,25769lk9g9-ur5cusgha8co8gic2xr9k,1477984244,104.04543,30.68284
9j22fi9gb62rB4luAgce49ahegf_qBbg,25769lk9g9-ur5cusgha8co8gic2xr9k,1477984247,104.04537,30.68268
9j22fi9gb62rB4luAgce49ahegf_qBbg,25769lk9g9-ur5cusgha8co8gic2xr9k,1477984250,104.0453,30.68274
9j22fi9gb62rB4luAgce49ahegf_qBbg,25769lk9g9-ur5cusgha8co8gic2xr9k,1477984253,104.04563,30.68268
9j22fi9gb62rB4luAgce49ahegf_qBbg,25769lk9g9-ur5cusgha8co8gic2xr9k,1477984256,104.046,30.6829
9j22fi9gb62rB4luAgce49ahegf_qBbg,25769lk9g9-ur5cusgha8co8gic2xr9k,1477984259,104.04654,30.68308
9j22fi9gb62rB4luAgce49ahegf_qBbg,25769lk9g9-ur5cusgha8co8gic2xr9k,1477984262,104.04677,30.68314
9j22fi9gb62rB4luAgce49ahegf_qBbg,25769lk9g9-ur5cusgha8co8gic2xr9k,1477984265,104.04717,30.68327
9j22fi9gb62rB4luAgce49ahegf_qBbg,25769lk9g9-ur5cusgha8co8gic2xr9k,1477984268,104.04745,30.68339
9j22fi9gb62rB4luAgce49ahegf_qBbg,25769lk9g9-ur5cusgha8co8gic2xr9k,1477984271,104.04773,30.68345
9j22fi9gb62rB4luAgce49ahegf_qBbg,25769lk9g9-ur5cusgha8co8gic2xr9k,1477984274,104.04785,30.68348
9j22fi9gb62rB4luAgce49ahegf_qBbg,25769lk9g9-ur5cusgha8co8gic2xr9k,1477984277,104.04808,30.68353
9j22fi9gb62rB4luAgce49ahegf_qBbg,25769lk9g9-ur5cusgha8co8gic2xr9k,1477984282,104.04839,30.6836
9j22fi9gb62rB4luAgce49ahegf_qBbg,25769lk9g9-ur5cusgha8co8gic2xr9k,1477984283,104.04864,30.68365
9j22fi9gb62rB4luAgce49ahegf_qBbg,25769lk9g9-ur5cusgha8co8gic2xr9k,1477984286,104.04894,30.68372
9j22fi9gb62rB4luAgce49ahegf_qBbg,25769lk9g9-ur5cusgha8co8gic2xr9k,1477984289,104.04915,30.68377
9j22fi9gb62rB4luAgce49ahegf_qBbg,25769lk9g9-ur5cusgha8co8gic2xr9k,1477984292,104.04927,30.6838
9j22fi9gb62rB4luAgce49ahegf_qBbg,25769lk9g9-ur5cusgha8co8gic2xr9k,1477984295,104.04949,30.68384
9j22fi9gb62rB4luAgce49ahegf_qBbg,25769lk9g9-ur5cusgha8co8gic2xr9k,1477984298,104.04978,30.6839
9j22fi9gb62rB4luAgce49ahegf_qBbg,25769lk9g9-ur5cusgha8co8gic2xr9k,1477984301,104.05004,30.68396
9j22fi9gb62rB4luAgce49ahegf_qBbg,25769lk9g9-ur5cusgha8co8gic2xr9k,1477984304,104.05038,30.68397
9j22fi9gb62rB4luAgce49ahegf_qBbg,25769lk9g9-ur5cusgha8co8gic2xr9k,1477984307,104.05045,30.68397
9j22fi9gb62rB4luAgce49ahegf_qBbg,25769lk9g9-ur5cusgha8co8gic2xr9k,1477984313,104.05062,30.68402
9j22fi9gb62rB4luAgce49ahegf_qBbg,25769lk9g9-ur5cusgha8co8gic2xr9k,1477984316,104.05074,30.68404
9j22fi9gb62rB4luAgce49ahegf_qBbg,25769lk9g9-ur5cusgha8co8gic2xr9k,1477984319,104.05089,30.68407
9j22fi9gb62rB4luAgce49ahegf_qBbg,25769lk9g9-ur5cusgha8co8gic2xr9k,1477984322,104.0511,30.68411
9j22fi9gb62rB4luAgce49ahegf_qBbg,25769lk9g9-ur5cusgha8co8gic2xr9k,1477984325,104.05134,30.68416
9j22fi9gb62rB4luAgce49ahegf_qBbg,25769lk9g9-ur5cusgha8co8gic2xr9k,1477984328,104.05152,30.68419
9j22fi9gb62rB4luAgce49ahegf_qBbg,25769lk9g9-ur5cusgha8co8gic2xr9k,1477984337,104.05189,30.68426
9j22fi9gb62rB4luAgce49ahegf_qBbg,25769lk9g9-ur5cusgha8co8gic2xr9k,1477984340,104.052,30.68428
9j22fi9gb62rB4luAgce49ahegf_qBbg,25769lk9g9-ur5cusgha8co8gic2xr9k,1477984343,104.05203,30.68429
9j22fi9gb62rB4luAgce49ahegf_qBbg,25769lk9g9-ur5cusgha8co8gic2xr9k,1477984346,104.05213,30.68431
9j22fi9gb62rB4luAgce49ahegf_qBbg,25769lk9g9-ur5cusgha8co8gic2xr9k,1477984349,104.05216,30.68431
9j22fi9gb62rB4luAgce49ahegf_qBbg,25769lk9g9-ur5cusgha8co8gic2xr9k,1477984352,104.05233,30.68407
9j22fi9gb62rB4luAgce49ahegf_qBbg,25769lk9g9-ur5cusgha8co8gic2xr9k,1477984355,104.05239,30.68384
9j22fi9gb62rB4luAgce49ahegf_qBbg,25769lk9g9-ur5cusgha8co8gic2xr9k,1477984358,104.05247,30.68355
9j22fi9gb62rB4luAgce49ahegf_qBbg,25769lk9g9-ur5cusgha8co8gic2xr9k,1477984361,104.05252,30.68335
9j22fi9gb62rB4luAgce49ahegf_qBbg,25769lk9g9-ur5cusgha8co8gic2xr9k,1477984365,104.05259,30.68313
9j22fi9gb62rB4luAgce49ahegf_qBbg,25769lk9g9-ur5cusgha8co8gic2xr9k,1477984367,104.05264,30.68293
9j22fi9gb62rB4luAgce49ahegf_qBbg,25769lk9g9-ur5cusgha8co8gic2xr9k,1477984370,104.05271,30.68267
9j22fi9gb62rB4luAgce49ahegf_qBbg,25769lk9g9-ur5cusgha8co8gic2xr9k,1477984373,104.05278,30.68241
9j22fi9gb62rB4luAgce49ahegf_qBbg,25769lk9g9-ur5cusgha8co8gic2xr9k,1477984376,104.05286,30.68214
9j22fi9gb62rB4luAgce49ahegf_qBbg,25769lk9g9-ur5cusgha8co8gic2xr9k,1477984379,104.05292,30.68194
9j22fi9gb62rB4luAgce49ahegf_qBbg,25769lk9g9-ur5cusgha8co8gic2xr9k,1477984382,104.053,30.68163
9j22fi9gb62rB4luAgce49ahegf_qBbg,25769lk9g9-ur5cusgha8co8gic2xr9k,1477984386,104.05312,30.68127
9j22fi9gb62rB4luAgce49ahegf_qBbg,25769lk9g9-ur5cusgha8co8gic2xr9k,1477984388,104.05318,30.68107
9j22fi9gb62rB4luAgce49ahegf_qBbg,25769lk9g9-ur5cusgha8co8gic2xr9k,1477984392,104.05319,30.68102
9j22fi9gb62rB4luAgce49ahegf_qBbg,25769lk9g9-ur5cusgha8co8gic2xr9k,1477984395,104.0532,30.681
9j22fi9gb62rB4luAgce49ahegf_qBbg,25769lk9g9-ur5cusgha8co8gic2xr9k,1477984397,104.05321,30.68098
9j22fi9gb62rB4luAgce49ahegf_qBbg,25769lk9g9-ur5cusgha8co8gic2xr9k,1477984400,104.05321,30.68098
9j22fi9gb62rB4luAgce49ahegf_qBbg,25769lk9g9-ur5cusgha8co8gic2xr9k,1477984404,104.05321,30.68098
9j22fi9gb62rB4luAgce49ahegf_qBbg,25769lk9g9-ur5cusgha8co8gic2xr9k,1477984407,104.05322,30.68093
9j22fi9gb62rB4luAgce49ahegf_qBbg,25769lk9g9-ur5cusgha8co8gic2xr9k,1477984410,104.05326,30.6808
9j22fi9gb62rB4luAgce49ahegf_qBbg,25769lk9g9-ur5cusgha8co8gic2xr9k,1477984413,104.05334,30.68054
9j22fi9gb62rB4luAgce49ahegf_qBbg,25769lk9g9-ur5cusgha8co8gic2xr9k,1477984416,104.05343,30.68036
9j22fi9gb62rB4luAgce49ahegf_qBbg,25769lk9g9-ur5cusgha8co8gic2xr9k,1477984419,104.05358,30.68016
9j22fi9gb62rB4luAgce49ahegf_qBbg,25769lk9g9-ur5cusgha8co8gic2xr9k,1477984422,104.05376,30.67998
9j22fi9gb62rB4luAgce49ahegf_qBbg,25769lk9g9-ur5cusgha8co8gic2xr9k,1477984425,104.05401,30.67981
9j22fi9gb62rB4luAgce49ahegf_qBbg,25769lk9g9-ur5cusgha8co8gic2xr9k,1477984428,104.05437,30.67961
9j22fi9gb62rB4luAgce49ahegf_qBbg,25769lk9g9-ur5cusgha8co8gic2xr9k,1477984431,104.05469,30.67944
9j22fi9gb62rB4luAgce49ahegf_qBbg,25769lk9g9-ur5cusgha8co8gic2xr9k,1477984433,104.05497,30.67929
9j22fi9gb62rB4luAgce49ahegf_qBbg,25769lk9g9-ur5cusgha8co8gic2xr9k,1477984437,104.05519,30.67918
9j22fi9gb62rB4luAgce49ahegf_qBbg,25769lk9g9-ur5cusgha8co8gic2xr9k,1477984440,104.05543,30.67905
9j22fi9gb62rB4luAgce49ahegf_qBbg,25769lk9g9-ur5cusgha8co8gic2xr9k,1477984443,104.05557,30.67898
9j22fi9gb62rB4luAgce49ahegf_qBbg,25769lk9g9-ur5cusgha8co8gic2xr9k,1477984446,104.05591,30.67883
9j22fi9gb62rB4luAgce49ahegf_qBbg,25769lk9g9-ur5cusgha8co8gic2xr9k,1477984449,104.05612,30.67876
9j22fi9gb62rB4luAgce49ahegf_qBbg,25769lk9g9-ur5cusgha8co8gic2xr9k,1477984452,104.05632,30.6787
9j22fi9gb62rB4luAgce49ahegf_qBbg,25769lk9g9-ur5cusgha8co8gic2xr9k,1477984455,104.05658,30.6786
9j22fi9gb62rB4luAgce49ahegf_qBbg,25769lk9g9-ur5cusgha8co8gic2xr9k,1477984458,104.05673,30.67848
9j22fi9gb62rB4luAgce49ahegf_qBbg,25769lk9g9-ur5cusgha8co8gic2xr9k,1477984461,104.05696,30.67814
9j22fi9gb62rB4luAgce49ahegf_qBbg,25769lk9g9-ur5cusgha8co8gic2xr9k,1477984464,104.05707,30.67794
9j22fi9gb62rB4luAgce49ahegf_qBbg,25769lk9g9-ur5cusgha8co8gic2xr9k,1477984467,104.05716,30.67778
9j22fi9gb62rB4luAgce49ahegf_qBbg,25769lk9g9-ur5cusgha8co8gic2xr9k,1477984470,104.05731,30.67753
9j22fi9gb62rB4luAgce49ahegf_qBbg,25769lk9g9-ur5cusgha8co8gic2xr9k,1477984473,104.05752,30.67738
9j22fi9gb62rB4luAgce49ahegf_qBbg,25769lk9g9-ur5cusgha8co8gic2xr9k,1477984476,104.05774,30.67727
9j22fi9gb62rB4luAgce49ahegf_qBbg,25769lk9g9-ur5cusgha8co8gic2xr9k,1477984482,104.05844,30.67697
9j22fi9gb62rB4luAgce49ahegf_qBbg,25769lk9g9-ur5cusgha8co8gic2xr9k,1477984485,104.05877,30.67682
9j22fi9gb62rB4luAgce49ahegf_qBbg,25769lk9g9-ur5cusgha8co8gic2xr9k,1477984488,104.05902,30.67671
9j22fi9gb62rB4luAgce49ahegf_qBbg,25769lk9g9-ur5cusgha8co8gic2xr9k,1477984491,104.05919,30.67663
9j22fi9gb62rB4luAgce49ahegf_qBbg,25769lk9g9-ur5cusgha8co8gic2xr9k,1477984494,104.05937,30.67655
9j22fi9gb62rB4luAgce49ahegf_qBbg,25769lk9g9-ur5cusgha8co8gic2xr9k,1477984497,104.0596,30.67645
9j22fi9gb62rB4luAgce49ahegf_qBbg,25769lk9g9-ur5cusgha8co8gic2xr9k,1477984500,104.0598,30.67636
9j22fi9gb62rB4luAgce49ahegf_qBbg,25769lk9g9-ur5cusgha8co8gic2xr9k,1477984503,104.05999,30.67627
9j22fi9gb62rB4luAgce49ahegf_qBbg,25769lk9g9-ur5cusgha8co8gic2xr9k,1477984506,104.0601,30.6759
9j22fi9gb62rB4luAgce49ahegf_qBbg,25769lk9g9-ur5cusgha8co8gic2xr9k,1477984509,104.06006,30.67585
9j22fi9gb62rB4luAgce49ahegf_qBbg,25769lk9g9-ur5cusgha8co8gic2xr9k,1477984512,104.05996,30.67568
9j22fi9gb62rB4luAgce49ahegf_qBbg,25769lk9g9-ur5cusgha8co8gic2xr9k,1477984515,104.05983,30.6755
9j22fi9gb62rB4luAgce49ahegf_qBbg,25769lk9g9-ur5cusgha8co8gic2xr9k,1477984518,104.05993,30.67545
9j22fi9gb62rB4luAgce49ahegf_qBbg,25769lk9g9-ur5cusgha8co8gic2xr9k,1477984521,104.05991,30.67545
9j22fi9gb62rB4luAgce49ahegf_qBbg,25769lk9g9-ur5cusgha8co8gic2xr9k,1477984524,104.05987,30.67547
9j22fi9gb62rB4luAgce49ahegf_qBbg,25769lk9g9-ur5cusgha8co8gic2xr9k,1477984527,104.05988,30.67546
9j22fi9gb62rB4luAgce49ahegf_qBbg,25769lk9g9-ur5cusgha8co8gic2xr9k,1477984530,104.05993,30.67545
9j22fi9gb62rB4luAgce49ahegf_qBbg,25769lk9g9-ur5cusgha8co8gic2xr9k,1477984533,104.05985,30.67548
9j22fi9gb62rB4luAgce49ahegf_qBbg,25769lk9g9-ur5cusgha8co8gic2xr9k,1477984536,104.05987,30.67547
9j22fi9gb62rB4luAgce49ahegf_qBbg,25769lk9g9-ur5cusgha8co8gic2xr9k,1477984539,104.05987,30.67547
9j22fi9gb62rB4luAgce49ahegf_qBbg,25769lk9g9-ur5cusgha8co8gic2xr9k,1477984542,104.05981,30.67547
9j22fi9gb62rB4luAgce49ahegf_qBbg,25769lk9g9-ur5cusgha8co8gic2xr9k,1477984545,104.05977,30.6754
9j22fi9gb62rB4luAgce49ahegf_qBbg,25769lk9g9-ur5cusgha8co8gic2xr9k,1477984548,104.0596,30.67515
9j22fi9gb62rB4luAgce49ahegf_qBbg,25769lk9g9-ur5cusgha8co8gic2xr9k,1477984551,104.05939,30.67486
9j22fi9gb62rB4luAgce49ahegf_qBbg,25769lk9g9-ur5cusgha8co8gic2xr9k,1477984555,104.05933,30.67478
9j22fi9gb62rB4luAgce49ahegf_qBbg,25769lk9g9-ur5cusgha8co8gic2xr9k,1477984556,104.05933,30.67478
9j22fi9gb62rB4luAgce49ahegf_qBbg,25769lk9g9-ur5cusgha8co8gic2xr9k,1477984557,104.05933,30.67478
9j22fi9gb62rB4luAgce49ahegf_qBbg,25769lk9g9-ur5cusgha8co8gic2xr9k,1477984558,104.05933,30.67478
9j22fi9gb62rB4luAgce49ahegf_qBbg,259h4ijb546zq4puq1ab37lndc96Cq7r,1477984902,104.05914,30.67222
9j22fi9gb62rB4luAgce49ahegf_qBbg,259h4ijb546zq4puq1ab37lndc96Cq7r,1477984905,104.0593,30.67214
9j22fi9gb62rB4luAgce49ahegf_qBbg,259h4ijb546zq4puq1ab37lndc96Cq7r,1477984908,104.05915,30.67221
9j22fi9gb62rB4luAgce49ahegf_qBbg,259h4ijb546zq4puq1ab37lndc96Cq7r,1477984911,104.05913,30.67222
9j22fi9gb62rB4luAgce49ahegf_qBbg,259h4ijb546zq4puq1ab37lndc96Cq7r,1477984914,104.05913,30.67222
9j22fi9gb62rB4luAgce49ahegf_qBbg,259h4ijb546zq4puq1ab37lndc96Cq7r,1477984917,104.05911,30.67223
9j22fi9gb62rB4luAgce49ahegf_qBbg,259h4ijb546zq4puq1ab37lndc96Cq7r,1477984920,104.05894,30.67231
9j22fi9gb62rB4luAgce49ahegf_qBbg,259h4ijb546zq4puq1ab37lndc96Cq7r,1477984923,104.05878,30.67238
9j22fi9gb62rB4luAgce49ahegf_qBbg,259h4ijb546zq4puq1ab37lndc96Cq7r,1477984926,104.05864,30.67244
9j22fi9gb62rB4luAgce49ahegf_qBbg,259h4ijb546zq4puq1ab37lndc96Cq7r,1477984929,104.05852,30.67239
9j22fi9gb62rB4luAgce49ahegf_qBbg,259h4ijb546zq4puq1ab37lndc96Cq7r,1477984932,104.05852,30.67239
9j22fi9gb62rB4luAgce49ahegf_qBbg,259h4ijb546zq4puq1ab37lndc96Cq7r,1477984935,104.05861,30.67235
9j22fi9gb62rB4luAgce49ahegf_qBbg,259h4ijb546zq4puq1ab37lndc96Cq7r,1477984938,104.05869,30.67231
9j22fi9gb62rB4luAgce49ahegf_qBbg,259h4ijb546zq4puq1ab37lndc96Cq7r,1477984941,104.05899,30.67217
9j22fi9gb62rB4luAgce49ahegf_qBbg,259h4ijb546zq4puq1ab37lndc96Cq7r,1477984944,104.05924,30.67207
9j22fi9gb62rB4luAgce49ahegf_qBbg,259h4ijb546zq4puq1ab37lndc96Cq7r,1477984947,104.05938,30.672
9j22fi9gb62rB4luAgce49ahegf_qBbg,259h4ijb546zq4puq1ab37lndc96Cq7r,1477984950,104.05955,30.67193
9j22fi9gb62rB4luAgce49ahegf_qBbg,259h4ijb546zq4puq1ab37lndc96Cq7r,1477984953,104.05963,30.67189
9j22fi9gb62rB4luAgce49ahegf_qBbg,259h4ijb546zq4puq1ab37lndc96Cq7r,1477984956,104.05968,30.67187
9j22fi9gb62rB4luAgce49ahegf_qBbg,259h4ijb546zq4puq1ab37lndc96Cq7r,1477984959,104.05975,30.67184
9j22fi9gb62rB4luAgce49ahegf_qBbg,259h4ijb546zq4puq1ab37lndc96Cq7r,1477984962,104.0599,30.67178
9j22fi9gb62rB4luAgce49ahegf_qBbg,259h4ijb546zq4puq1ab37lndc96Cq7r,1477984965,104.06025,30.67145
9j22fi9gb62rB4luAgce49ahegf_qBbg,259h4ijb546zq4puq1ab37lndc96Cq7r,1477984968,104.06025,30.6713
9j22fi9gb62rB4luAgce49ahegf_qBbg,259h4ijb546zq4puq1ab37lndc96Cq7r,1477984971,104.06025,30.67109
9j22fi9gb62rB4luAgce49ahegf_qBbg,259h4ijb546zq4puq1ab37lndc96Cq7r,1477984974,104.06026,30.67092
9j22fi9gb62rB4luAgce49ahegf_qBbg,259h4ijb546zq4puq1ab37lndc96Cq7r,1477984978,104.06027,30.67069
9j22fi9gb62rB4luAgce49ahegf_qBbg,259h4ijb546zq4puq1ab37lndc96Cq7r,1477984980,104.06027,30.67049
9j22fi9gb62rB4luAgce49ahegf_qBbg,259h4ijb546zq4puq1ab37lndc96Cq7r,1477984983,104.06027,30.67026
9j22fi9gb62rB4luAgce49ahegf_qBbg,259h4ijb546zq4puq1ab37lndc96Cq7r,1477984986,104.06028,30.66995
9j22fi9gb62rB4luAgce49ahegf_qBbg,259h4ijb546zq4puq1ab37lndc96Cq7r,1477984989,104.0603,30.6696
9j22fi9gb62rB4luAgce49ahegf_qBbg,259h4ijb546zq4puq1ab37lndc96Cq7r,1477984992,104.06032,30.66922
9j22fi9gb62rB4luAgce49ahegf_qBbg,259h4ijb546zq4puq1ab37lndc96Cq7r,1477984995,104.06033,30.66887
9j22fi9gb62rB4luAgce49ahegf_qBbg,259h4ijb546zq4puq1ab37lndc96Cq7r,1477985001,104.06029,30.66811
9j22fi9gb62rB4luAgce49ahegf_qBbg,259h4ijb546zq4puq1ab37lndc96Cq7r,1477985004,104.0603,30.66775
9j22fi9gb62rB4luAgce49ahegf_qBbg,259h4ijb546zq4puq1ab37lndc96Cq7r,1477985007,104.06031,30.66751
9j22fi9gb62rB4luAgce49ahegf_qBbg,259h4ijb546zq4puq1ab37lndc96Cq7r,1477985010,104.06033,30.6671
9j22fi9gb62rB4luAgce49ahegf_qBbg,259h4ijb546zq4puq1ab37lndc96Cq7r,1477985013,104.06033,30.6671
9j22fi9gb62rB4luAgce49ahegf_qBbg,259h4ijb546zq4puq1ab37lndc96Cq7r,1477985016,104.06033,30.6671
9j22fi9gb62rB4luAgce49ahegf_qBbg,259h4ijb546zq4puq1ab37lndc96Cq7r,1477985022,104.06039,30.66582
9j22fi9gb62rB4luAgce49ahegf_qBbg,259h4ijb546zq4puq1ab37lndc96Cq7r,1477985025,104.06041,30.66553
9j22fi9gb62rB4luAgce49ahegf_qBbg,259h4ijb546zq4puq1ab37lndc96Cq7r,1477985028,104.06042,30.66534
9j22fi9gb62rB4luAgce49ahegf_qBbg,259h4ijb546zq4puq1ab37lndc96Cq7r,1477985031,104.06045,30.66521
9j22fi9gb62rB4luAgce49ahegf_qBbg,259h4ijb546zq4puq1ab37lndc96Cq7r,1477985034,104.0605,30.66497
9j22fi9gb62rB4luAgce49ahegf_qBbg,259h4ijb546zq4puq1ab37lndc96Cq7r,1477985037,104.0605,30.66494
9j22fi9gb62rB4luAgce49ahegf_qBbg,259h4ijb546zq4puq1ab37lndc96Cq7r,1477985040,104.0605,30.66486
9j22fi9gb62rB4luAgce49ahegf_qBbg,259h4ijb546zq4puq1ab37lndc96Cq7r,1477985043,104.0605,30.66482
9j22fi9gb62rB4luAgce49ahegf_qBbg,259h4ijb546zq4puq1ab37lndc96Cq7r,1477985046,104.0605,30.66482
9j22fi9gb62rB4luAgce49ahegf_qBbg,259h4ijb546zq4puq1ab37lndc96Cq7r,1477985049,104.0605,30.66481
9j22fi9gb62rB4luAgce49ahegf_qBbg,259h4ijb546zq4puq1ab37lndc96Cq7r,1477985052,104.0605,30.66475
9j22fi9gb62rB4luAgce49ahegf_qBbg,259h4ijb546zq4puq1ab37lndc96Cq7r,1477985055,104.0605,30.66468
9j22fi9gb62rB4luAgce49ahegf_qBbg,259h4ijb546zq4puq1ab37lndc96Cq7r,1477985058,104.0605,30.66457
9j22fi9gb62rB4luAgce49ahegf_qBbg,259h4ijb546zq4puq1ab37lndc96Cq7r,1477985061,104.0605,30.66446
9j22fi9gb62rB4luAgce49ahegf_qBbg,259h4ijb546zq4puq1ab37lndc96Cq7r,1477985064,104.0605,30.6644
9j22fi9gb62rB4luAgce49ahegf_qBbg,259h4ijb546zq4puq1ab37lndc96Cq7r,1477985067,104.0605,30.66439
9j22fi9gb62rB4luAgce49ahegf_qBbg,259h4ijb546zq4puq1ab37lndc96Cq7r,1477985070,104.0605,30.66439
9j22fi9gb62rB4luAgce49ahegf_qBbg,259h4ijb546zq4puq1ab37lndc96Cq7r,1477985073,104.0605,30.66438
9j22fi9gb62rB4luAgce49ahegf_qBbg,259h4ijb546zq4puq1ab37lndc96Cq7r,1477985076,104.0605,30.66438
9j22fi9gb62rB4luAgce49ahegf_qBbg,259h4ijb546zq4puq1ab37lndc96Cq7r,1477985079,104.0605,30.66438
9j22fi9gb62rB4luAgce49ahegf_qBbg,259h4ijb546zq4puq1ab37lndc96Cq7r,1477985082,104.0605,30.66438
9j22fi9gb62rB4luAgce49ahegf_qBbg,259h4ijb546zq4puq1ab37lndc96Cq7r,1477985085,104.0605,30.66438
9j22fi9gb62rB4luAgce49ahegf_qBbg,259h4ijb546zq4puq1ab37lndc96Cq7r,1477985088,104.0605,30.66438
9j22fi9gb62rB4luAgce49ahegf_qBbg,259h4ijb546zq4puq1ab37lndc96Cq7r,1477985091,104.0605,30.66438
9j22fi9gb62rB4luAgce49ahegf_qBbg,259h4ijb546zq4puq1ab37lndc96Cq7r,1477985094,104.0605,30.66438
9j22fi9gb62rB4luAgce49ahegf_qBbg,259h4ijb546zq4puq1ab37lndc96Cq7r,1477985097,104.0605,30.66438
9j22fi9gb62rB4luAgce49ahegf_qBbg,259h4ijb546zq4puq1ab37lndc96Cq7r,1477985100,104.0605,30.66426
9j22fi9gb62rB4luAgce49ahegf_qBbg,259h4ijb546zq4puq1ab37lndc96Cq7r,1477985103,104.06051,30.66412
9j22fi9gb62rB4luAgce49ahegf_qBbg,259h4ijb546zq4puq1ab37lndc96Cq7r,1477985106,104.06051,30.66406
9j22fi9gb62rB4luAgce49ahegf_qBbg,259h4ijb546zq4puq1ab37lndc96Cq7r,1477985112,104.06051,30.66394
9j22fi9gb62rB4luAgce49ahegf_qBbg,259h4ijb546zq4puq1ab37lndc96Cq7r,1477985115,104.06052,30.66389
9j22fi9gb62rB4luAgce49ahegf_qBbg,259h4ijb546zq4puq1ab37lndc96Cq7r,1477985118,104.06052,30.66388
9j22fi9gb62rB4luAgce49ahegf_qBbg,259h4ijb546zq4puq1ab37lndc96Cq7r,1477985121,104.06052,30.66375
9j22fi9gb62rB4luAgce49ahegf_qBbg,259h4ijb546zq4puq1ab37lndc96Cq7r,1477985124,104.06052,30.6636
9j22fi9gb62rB4luAgce49ahegf_qBbg,259h4ijb546zq4puq1ab37lndc96Cq7r,1477985127,104.06052,30.66346
9j22fi9gb62rB4luAgce49ahegf_qBbg,259h4ijb546zq4puq1ab37lndc96Cq7r,1477985130,104.06053,30.66321
9j22fi9gb62rB4luAgce49ahegf_qBbg,259h4ijb546zq4puq1ab37lndc96Cq7r,1477985133,104.06054,30.66297
9j22fi9gb62rB4luAgce49ahegf_qBbg,259h4ijb546zq4puq1ab37lndc96Cq7r,1477985136,104.06054,30.66274
9j22fi9gb62rB4luAgce49ahegf_qBbg,259h4ijb546zq4puq1ab37lndc96Cq7r,1477985139,104.06055,30.66254
9j22fi9gb62rB4luAgce49ahegf_qBbg,259h4ijb546zq4puq1ab37lndc96Cq7r,1477985142,104.06055,30.66235
9j22fi9gb62rB4luAgce49ahegf_qBbg,259h4ijb546zq4puq1ab37lndc96Cq7r,1477985145,104.06055,30.66221
9j22fi9gb62rB4luAgce49ahegf_qBbg,259h4ijb546zq4puq1ab37lndc96Cq7r,1477985148,104.06055,30.66206
9j22fi9gb62rB4luAgce49ahegf_qBbg,259h4ijb546zq4puq1ab37lndc96Cq7r,1477985151,104.06055,30.66192
9j22fi9gb62rB4luAgce49ahegf_qBbg,259h4ijb546zq4puq1ab37lndc96Cq7r,1477985154,104.06056,30.66183
9j22fi9gb62rB4luAgce49ahegf_qBbg,259h4ijb546zq4puq1ab37lndc96Cq7r,1477985157,104.06056,30.66176
9j22fi9gb62rB4luAgce49ahegf_qBbg,259h4ijb546zq4puq1ab37lndc96Cq7r,1477985160,104.06056,30.66172
9j22fi9gb62rB4luAgce49ahegf_qBbg,259h4ijb546zq4puq1ab37lndc96Cq7r,1477985163,104.06056,30.66168
9j22fi9gb62rB4luAgce49ahegf_qBbg,259h4ijb546zq4puq1ab37lndc96Cq7r,1477985166,104.06056,30.66164
9j22fi9gb62rB4luAgce49ahegf_qBbg,259h4ijb546zq4puq1ab37lndc96Cq7r,1477985169,104.06056,30.66155
9j22fi9gb62rB4luAgce49ahegf_qBbg,259h4ijb546zq4puq1ab37lndc96Cq7r,1477985172,104.06056,30.66144
9j22fi9gb62rB4luAgce49ahegf_qBbg,259h4ijb546zq4puq1ab37lndc96Cq7r,1477985175,104.06056,30.66134
9j22fi9gb62rB4luAgce49ahegf_qBbg,259h4ijb546zq4puq1ab37lndc96Cq7r,1477985178,104.06056,30.66126
9j22fi9gb62rB4luAgce49ahegf_qBbg,259h4ijb546zq4puq1ab37lndc96Cq7r,1477985181,104.06056,30.66125
9j22fi9gb62rB4luAgce49ahegf_qBbg,259h4ijb546zq4puq1ab37lndc96Cq7r,1477985184,104.06056,30.66122
9j22fi9gb62rB4luAgce49ahegf_qBbg,259h4ijb546zq4puq1ab37lndc96Cq7r,1477985187,104.06057,30.66118
9j22fi9gb62rB4luAgce49ahegf_qBbg,259h4ijb546zq4puq1ab37lndc96Cq7r,1477985190,104.06057,30.66113
9j22fi9gb62rB4luAgce49ahegf_qBbg,259h4ijb546zq4puq1ab37lndc96Cq7r,1477985193,104.06057,30.66111
9j22fi9gb62rB4luAgce49ahegf_qBbg,259h4ijb546zq4puq1ab37lndc96Cq7r,1477985196,104.06057,30.66104
9j22fi9gb62rB4luAgce49ahegf_qBbg,259h4ijb546zq4puq1ab37lndc96Cq7r,1477985200,104.06057,30.66101
9j22fi9gb62rB4luAgce49ahegf_qBbg,259h4ijb546zq4puq1ab37lndc96Cq7r,1477985202,104.06057,30.66098
9j22fi9gb62rB4luAgce49ahegf_qBbg,259h4ijb546zq4puq1ab37lndc96Cq7r,1477985205,104.06057,30.66095
9j22fi9gb62rB4luAgce49ahegf_qBbg,259h4ijb546zq4puq1ab37lndc96Cq7r,1477985208,104.06057,30.66092
9j22fi9gb62rB4luAgce49ahegf_qBbg,259h4ijb546zq4puq1ab37lndc96Cq7r,1477985211,104.06057,30.66087
9j22fi9gb62rB4luAgce49ahegf_qBbg,259h4ijb546zq4puq1ab37lndc96Cq7r,1477985214,104.06055,30.66078
9j22fi9gb62rB4luAgce49ahegf_qBbg,259h4ijb546zq4puq1ab37lndc96Cq7r,1477985217,104.06054,30.66076
9j22fi9gb62rB4luAgce49ahegf_qBbg,259h4ijb546zq4puq1ab37lndc96Cq7r,1477985220,104.06051,30.66067
9j22fi9gb62rB4luAgce49ahegf_qBbg,259h4ijb546zq4puq1ab37lndc96Cq7r,1477985223,104.0605,30.66053
9j22fi9gb62rB4luAgce49ahegf_qBbg,259h4ijb546zq4puq1ab37lndc96Cq7r,1477985226,104.06051,30.66037
9j22fi9gb62rB4luAgce49ahegf_qBbg,259h4ijb546zq4puq1ab37lndc96Cq7r,1477985229,104.06051,30.66032
9j22fi9gb62rB4luAgce49ahegf_qBbg,259h4ijb546zq4puq1ab37lndc96Cq7r,1477985232,104.06051,30.66025
9j22fi9gb62rB4luAgce49ahegf_qBbg,259h4ijb546zq4puq1ab37lndc96Cq7r,1477985235,104.06051,30.66023
9j22fi9gb62rB4luAgce49ahegf_qBbg,259h4ijb546zq4puq1ab37lndc96Cq7r,1477985238,104.06051,30.66023
9j22fi9gb62rB4luAgce49ahegf_qBbg,259h4ijb546zq4puq1ab37lndc96Cq7r,1477985241,104.06051,30.66023
9j22fi9gb62rB4luAgce49ahegf_qBbg,259h4ijb546zq4puq1ab37lndc96Cq7r,1477985244,104.06052,30.66023
9j22fi9gb62rB4luAgce49ahegf_qBbg,259h4ijb546zq4puq1ab37lndc96Cq7r,1477985247,104.06052,30.66014
9j22fi9gb62rB4luAgce49ahegf_qBbg,259h4ijb546zq4puq1ab37lndc96Cq7r,1477985250,104.06052,30.66003
9j22fi9gb62rB4luAgce49ahegf_qBbg,259h4ijb546zq4puq1ab37lndc96Cq7r,1477985253,104.06052,30.65992
9j22fi9gb62rB4luAgce49ahegf_qBbg,259h4ijb546zq4puq1ab37lndc96Cq7r,1477985259,104.06053,30.65968
9j22fi9gb62rB4luAgce49ahegf_qBbg,259h4ijb546zq4puq1ab37lndc96Cq7r,1477985262,104.06054,30.65957
9j22fi9gb62rB4luAgce49ahegf_qBbg,259h4ijb546zq4puq1ab37lndc96Cq7r,1477985265,104.06054,30.65946
9j22fi9gb62rB4luAgce49ahegf_qBbg,259h4ijb546zq4puq1ab37lndc96Cq7r,1477985268,104.06054,30.65935
9j22fi9gb62rB4luAgce49ahegf_qBbg,259h4ijb546zq4puq1ab37lndc96Cq7r,1477985271,104.06054,30.65934
9j22fi9gb62rB4luAgce49ahegf_qBbg,259h4ijb546zq4puq1ab37lndc96Cq7r,1477985274,104.06054,30.65929
9j22fi9gb62rB4luAgce49ahegf_qBbg,259h4ijb546zq4puq1ab37lndc96Cq7r,1477985277,104.06054,30.65926
9j22fi9gb62rB4luAgce49ahegf_qBbg,259h4ijb546zq4puq1ab37lndc96Cq7r,1477985280,104.06055,30.65925
9j22fi9gb62rB4luAgce49ahegf_qBbg,259h4ijb546zq4puq1ab37lndc96Cq7r,1477985283,104.06055,30.65921
9j22fi9gb62rB4luAgce49ahegf_qBbg,259h4ijb546zq4puq1ab37lndc96Cq7r,1477985286,104.06055,30.65917
9j22fi9gb62rB4luAgce49ahegf_qBbg,259h4ijb546zq4puq1ab37lndc96Cq7r,1477985289,104.06055,30.65912
9j22fi9gb62rB4luAgce49ahegf_qBbg,259h4ijb546zq4puq1ab37lndc96Cq7r,1477985292,104.06057,30.65895
9j22fi9gb62rB4luAgce49ahegf_qBbg,259h4ijb546zq4puq1ab37lndc96Cq7r,1477985295,104.06057,30.65881
9j22fi9gb62rB4luAgce49ahegf_qBbg,259h4ijb546zq4puq1ab37lndc96Cq7r,1477985298,104.06057,30.6587
9j22fi9gb62rB4luAgce49ahegf_qBbg,259h4ijb546zq4puq1ab37lndc96Cq7r,1477985301,104.06057,30.65867
9j22fi9gb62rB4luAgce49ahegf_qBbg,259h4ijb546zq4puq1ab37lndc96Cq7r,1477985304,104.06057,30.65863
9j22fi9gb62rB4luAgce49ahegf_qBbg,259h4ijb546zq4puq1ab37lndc96Cq7r,1477985308,104.06057,30.6585
9j22fi9gb62rB4luAgce49ahegf_qBbg,259h4ijb546zq4puq1ab37lndc96Cq7r,1477985310,104.06057,30.65842
9j22fi9gb62rB4luAgce49ahegf_qBbg,259h4ijb546zq4puq1ab37lndc96Cq7r,1477985313,104.06082,30.65821
9j22fi9gb62rB4luAgce49ahegf_qBbg,259h4ijb546zq4puq1ab37lndc96Cq7r,1477985316,104.06084,30.65821
9j22fi9gb62rB4luAgce49ahegf_qBbg,259h4ijb546zq4puq1ab37lndc96Cq7r,1477985319,104.06095,30.65821
9j22fi9gb62rB4luAgce49ahegf_qBbg,259h4ijb546zq4puq1ab37lndc96Cq7r,1477985322,104.0611,30.65822
9j22fi9gb62rB4luAgce49ahegf_qBbg,259h4ijb546zq4puq1ab37lndc96Cq7r,1477985325,104.06125,30.65822
9j22fi9gb62rB4luAgce49ahegf_qBbg,259h4ijb546zq4puq1ab37lndc96Cq7r,1477985328,104.06156,30.65823
9j22fi9gb62rB4luAgce49ahegf_qBbg,259h4ijb546zq4puq1ab37lndc96Cq7r,1477985331,104.06182,30.65824
9j22fi9gb62rB4luAgce49ahegf_qBbg,259h4ijb546zq4puq1ab37lndc96Cq7r,1477985334,104.06205,30.6582
9j22fi9gb62rB4luAgce49ahegf_qBbg,259h4ijb546zq4puq1ab37lndc96Cq7r,1477985337,104.06234,30.6582
9j22fi9gb62rB4luAgce49ahegf_qBbg,259h4ijb546zq4puq1ab37lndc96Cq7r,1477985340,104.06254,30.6582
9j22fi9gb62rB4luAgce49ahegf_qBbg,259h4ijb546zq4puq1ab37lndc96Cq7r,1477985343,104.06298,30.65821
9j22fi9gb62rB4luAgce49ahegf_qBbg,259h4ijb546zq4puq1ab37lndc96Cq7r,1477985346,104.06316,30.65821
9j22fi9gb62rB4luAgce49ahegf_qBbg,259h4ijb546zq4puq1ab37lndc96Cq7r,1477985349,104.06328,30.65822
9j22fi9gb62rB4luAgce49ahegf_qBbg,259h4ijb546zq4puq1ab37lndc96Cq7r,1477985352,104.06337,30.65822
9j22fi9gb62rB4luAgce49ahegf_qBbg,259h4ijb546zq4puq1ab37lndc96Cq7r,1477985355,104.06337,30.65822
9j22fi9gb62rB4luAgce49ahegf_qBbg,259h4ijb546zq4puq1ab37lndc96Cq7r,1477985361,104.06337,30.65822
9j22fi9gb62rB4luAgce49ahegf_qBbg,259h4ijb546zq4puq1ab37lndc96Cq7r,1477985364,104.0634,30.65822
9j22fi9gb62rB4luAgce49ahegf_qBbg,259h4ijb546zq4puq1ab37lndc96Cq7r,1477985367,104.0635,30.65823
9j22fi9gb62rB4luAgce49ahegf_qBbg,259h4ijb546zq4puq1ab37lndc96Cq7r,1477985370,104.0636,30.65824
9j22fi9gb62rB4luAgce49ahegf_qBbg,259h4ijb546zq4puq1ab37lndc96Cq7r,1477985373,104.06369,30.65824
9j22fi9gb62rB4luAgce49ahegf_qBbg,259h4ijb546zq4puq1ab37lndc96Cq7r,1477985376,104.0637,30.65824
9j22fi9gb62rB4luAgce49ahegf_qBbg,259h4ijb546zq4puq1ab37lndc96Cq7r,1477985379,104.06367,30.65824
9j22fi9gb62rB4luAgce49ahegf_qBbg,259h4ijb546zq4puq1ab37lndc96Cq7r,1477985382,104.06367,30.65824
9j22fi9gb62rB4luAgce49ahegf_qBbg,259h4ijb546zq4puq1ab37lndc96Cq7r,1477985385,104.06354,30.65823
9j22fi9gb62rB4luAgce49ahegf_qBbg,259h4ijb546zq4puq1ab37lndc96Cq7r,1477985388,104.06333,30.65822
9j22fi9gb62rB4luAgce49ahegf_qBbg,259h4ijb546zq4puq1ab37lndc96Cq7r,1477985391,104.06326,30.65822
9j22fi9gb62rB4luAgce49ahegf_qBbg,259h4ijb546zq4puq1ab37lndc96Cq7r,1477985393,104.06329,30.65822
9j22fi9gb62rB4luAgce49ahegf_qBbg,3c4eg98jhc8CD2dzq3gd76gh97e8AE3r,1477980784,104.10825,30.72667
9j22fi9gb62rB4luAgce49ahegf_qBbg,3c4eg98jhc8CD2dzq3gd76gh97e8AE3r,1477980790,104.10802,30.7261
9j22fi9gb62rB4luAgce49ahegf_qBbg,3c4eg98jhc8CD2dzq3gd76gh97e8AE3r,1477980793,104.10793,30.72585
9j22fi9gb62rB4luAgce49ahegf_qBbg,3c4eg98jhc8CD2dzq3gd76gh97e8AE3r,1477980796,104.10783,30.7256
9j22fi9gb62rB4luAgce49ahegf_qBbg,3c4eg98jhc8CD2dzq3gd76gh97e8AE3r,1477980799,104.10774,30.72536
9j22fi9gb62rB4luAgce49ahegf_qBbg,3c4eg98jhc8CD2dzq3gd76gh97e8AE3r,1477980802,104.10769,30.72521
9j22fi9gb62rB4luAgce49ahegf_qBbg,3c4eg98jhc8CD2dzq3gd76gh97e8AE3r,1477980805,104.10762,30.72498
9j22fi9gb62rB4luAgce49ahegf_qBbg,3c4eg98jhc8CD2dzq3gd76gh97e8AE3r,1477980808,104.10754,30.72476
9j22fi9gb62rB4luAgce49ahegf_qBbg,3c4eg98jhc8CD2dzq3gd76gh97e8AE3r,1477980811,104.10746,30.72452
9j22fi9gb62rB4luAgce49ahegf_qBbg,3c4eg98jhc8CD2dzq3gd76gh97e8AE3r,1477980814,104.10738,30.72429
9j22fi9gb62rB4luAgce49ahegf_qBbg,3c4eg98jhc8CD2dzq3gd76gh97e8AE3r,1477980817,104.10728,30.72401
9j22fi9gb62rB4luAgce49ahegf_qBbg,3c4eg98jhc8CD2dzq3gd76gh97e8AE3r,1477980820,104.10721,30.72378
9j22fi9gb62rB4luAgce49ahegf_qBbg,3c4eg98jhc8CD2dzq3gd76gh97e8AE3r,1477980823,104.10713,30.72355
9j22fi9gb62rB4luAgce49ahegf_qBbg,3c4eg98jhc8CD2dzq3gd76gh97e8AE3r,1477980826,104.10705,30.72331
9j22fi9gb62rB4luAgce49ahegf_qBbg,3c4eg98jhc8CD2dzq3gd76gh97e8AE3r,1477980829,104.10697,30.72308
9j22fi9gb62rB4luAgce49ahegf_qBbg,3c4eg98jhc8CD2dzq3gd76gh97e8AE3r,1477980832,104.1069,30.72285
9j22fi9gb62rB4luAgce49ahegf_qBbg,3c4eg98jhc8CD2dzq3gd76gh97e8AE3r,1477980835,104.10676,30.7227
9j22fi9gb62rB4luAgce49ahegf_qBbg,3c4eg98jhc8CD2dzq3gd76gh97e8AE3r,1477980838,104.10667,30.7225
9j22fi9gb62rB4luAgce49ahegf_qBbg,3c4eg98jhc8CD2dzq3gd76gh97e8AE3r,1477980841,104.10657,30.72224
9j22fi9gb62rB4luAgce49ahegf_qBbg,3c4eg98jhc8CD2dzq3gd76gh97e8AE3r,1477980844,104.10647,30.72197
9j22fi9gb62rB4luAgce49ahegf_qBbg,3c4eg98jhc8CD2dzq3gd76gh97e8AE3r,1477980847,104.10634,30.72167
9j22fi9gb62rB4luAgce49ahegf_qBbg,3c4eg98jhc8CD2dzq3gd76gh97e8AE3r,1477980850,104.10617,30.72125
9j22fi9gb62rB4luAgce49ahegf_qBbg,3c4eg98jhc8CD2dzq3gd76gh97e8AE3r,1477980853,104.10605,30.72095
9j22fi9gb62rB4luAgce49ahegf_qBbg,3c4eg98jhc8CD2dzq3gd76gh97e8AE3r,1477980856,104.10593,30.72065
9j22fi9gb62rB4luAgce49ahegf_qBbg,3c4eg98jhc8CD2dzq3gd76gh97e8AE3r,1477980859,104.10582,30.72038
9j22fi9gb62rB4luAgce49ahegf_qBbg,3c4eg98jhc8CD2dzq3gd76gh97e8AE3r,1477980862,104.10573,30.72013
9j22fi9gb62rB4luAgce49ahegf_qBbg,3c4eg98jhc8CD2dzq3gd76gh97e8AE3r,1477980865,104.10564,30.71999
9j22fi9gb62rB4luAgce49ahegf_qBbg,3c4eg98jhc8CD2dzq3gd76gh97e8AE3r,1477980868,104.10548,30.71989
9j22fi9gb62rB4luAgce49ahegf_qBbg,3c4eg98jhc8CD2dzq3gd76gh97e8AE3r,1477980871,104.10526,30.71975
9j22fi9gb62rB4luAgce49ahegf_qBbg,3c4eg98jhc8CD2dzq3gd76gh97e8AE3r,1477980874,104.10501,30.7196
9j22fi9gb62rB4luAgce49ahegf_qBbg,3c4eg98jhc8CD2dzq3gd76gh97e8AE3r,1477980877,104.10475,30.71946
9j22fi9gb62rB4luAgce49ahegf_qBbg,3c4eg98jhc8CD2dzq3gd76gh97e8AE3r,1477980880,104.10449,30.71932
9j22fi9gb62rB4luAgce49ahegf_qBbg,3c4eg98jhc8CD2dzq3gd76gh97e8AE3r,1477980883,104.10439,30.71927
9j22fi9gb62rB4luAgce49ahegf_qBbg,3c4eg98jhc8CD2dzq3gd76gh97e8AE3r,1477980886,104.10426,30.71919
9j22fi9gb62rB4luAgce49ahegf_qBbg,3c4eg98jhc8CD2dzq3gd76gh97e8AE3r,1477980889,104.10406,30.71917
9j22fi9gb62rB4luAgce49ahegf_qBbg,3c4eg98jhc8CD2dzq3gd76gh97e8AE3r,1477980892,104.10382,30.71918
9j22fi9gb62rB4luAgce49ahegf_qBbg,3c4eg98jhc8CD2dzq3gd76gh97e8AE3r,1477980895,104.10354,30.71919
9j22fi9gb62rB4luAgce49ahegf_qBbg,3c4eg98jhc8CD2dzq3gd76gh97e8AE3r,1477980898,104.10332,30.7192
9j22fi9gb62rB4luAgce49ahegf_qBbg,3c4eg98jhc8CD2dzq3gd76gh97e8AE3r,1477980901,104.10301,30.71921
9j22fi9gb62rB4luAgce49ahegf_qBbg,3c4eg98jhc8CD2dzq3gd76gh97e8AE3r,1477980904,104.10265,30.71922
9j22fi9gb62rB4luAgce49ahegf_qBbg,3c4eg98jhc8CD2dzq3gd76gh97e8AE3r,1477980907,104.10229,30.71923
9j22fi9gb62rB4luAgce49ahegf_qBbg,3c4eg98jhc8CD2dzq3gd76gh97e8AE3r,1477980910,104.10193,30.71924
9j22fi9gb62rB4luAgce49ahegf_qBbg,3c4eg98jhc8CD2dzq3gd76gh97e8AE3r,1477980913,104.10144,30.71926
9j22fi9gb62rB4luAgce49ahegf_qBbg,3c4eg98jhc8CD2dzq3gd76gh97e8AE3r,1477980916,104.10106,30.71928
9j22fi9gb62rB4luAgce49ahegf_qBbg,3c4eg98jhc8CD2dzq3gd76gh97e8AE3r,1477980919,104.10071,30.71929
9j22fi9gb62rB4luAgce49ahegf_qBbg,3c4eg98jhc8CD2dzq3gd76gh97e8AE3r,1477980922,104.10036,30.71931
9j22fi9gb62rB4luAgce49ahegf_qBbg,3c4eg98jhc8CD2dzq3gd76gh97e8AE3r,1477980925,104.09999,30.71932
9j22fi9gb62rB4luAgce49ahegf_qBbg,3c4eg98jhc8CD2dzq3gd76gh97e8AE3r,1477980928,104.09961,30.71934
9j22fi9gb62rB4luAgce49ahegf_qBbg,3c4eg98jhc8CD2dzq3gd76gh97e8AE3r,1477980931,104.09924,30.71936
9j22fi9gb62rB4luAgce49ahegf_qBbg,3c4eg98jhc8CD2dzq3gd76gh97e8AE3r,1477980934,104.09902,30.71937
9j22fi9gb62rB4luAgce49ahegf_qBbg,3c4eg98jhc8CD2dzq3gd76gh97e8AE3r,1477980937,104.09859,30.71939
9j22fi9gb62rB4luAgce49ahegf_qBbg,3c4eg98jhc8CD2dzq3gd76gh97e8AE3r,1477980940,104.09822,30.71941
9j22fi9gb62rB4luAgce49ahegf_qBbg,3c4eg98jhc8CD2dzq3gd76gh97e8AE3r,1477980943,104.09785,30.71942
9j22fi9gb62rB4luAgce49ahegf_qBbg,3c4eg98jhc8CD2dzq3gd76gh97e8AE3r,1477980946,104.0975,30.71943
9j22fi9gb62rB4luAgce49ahegf_qBbg,3c4eg98jhc8CD2dzq3gd76gh97e8AE3r,1477980949,104.09708,30.71945
9j22fi9gb62rB4luAgce49ahegf_qBbg,3c4eg98jhc8CD2dzq3gd76gh97e8AE3r,1477980952,104.09671,30.71946
9j22fi9gb62rB4luAgce49ahegf_qBbg,3c4eg98jhc8CD2dzq3gd76gh97e8AE3r,1477980955,104.09638,30.71947
9j22fi9gb62rB4luAgce49ahegf_qBbg,3c4eg98jhc8CD2dzq3gd76gh97e8AE3r,1477980958,104.0961,30.71947
9j22fi9gb62rB4luAgce49ahegf_qBbg,3c4eg98jhc8CD2dzq3gd76gh97e8AE3r,1477980961,104.09585,30.7194
9j22fi9gb62rB4luAgce49ahegf_qBbg,3c4eg98jhc8CD2dzq3gd76gh97e8AE3r,1477980965,104.09563,30.71938
9j22fi9gb62rB4luAgce49ahegf_qBbg,3c4eg98jhc8CD2dzq3gd76gh97e8AE3r,1477980967,104.09531,30.71939
9j22fi9gb62rB4luAgce49ahegf_qBbg,3c4eg98jhc8CD2dzq3gd76gh97e8AE3r,1477980971,104.09495,30.71941
9j22fi9gb62rB4luAgce49ahegf_qBbg,3c4eg98jhc8CD2dzq3gd76gh97e8AE3r,1477980973,104.09453,30.71943
9j22fi9gb62rB4luAgce49ahegf_qBbg,3c4eg98jhc8CD2dzq3gd76gh97e8AE3r,1477980976,104.09409,30.71945
9j22fi9gb62rB4luAgce49ahegf_qBbg,3c4eg98jhc8CD2dzq3gd76gh97e8AE3r,1477980979,104.09346,30.71947
9j22fi9gb62rB4luAgce49ahegf_qBbg,3c4eg98jhc8CD2dzq3gd76gh97e8AE3r,1477980982,104.09296,30.71949
9j22fi9gb62rB4luAgce49ahegf_qBbg,3c4eg98jhc8CD2dzq3gd76gh97e8AE3r,1477980985,104.09249,30.71953
9j22fi9gb62rB4luAgce49ahegf_qBbg,3c4eg98jhc8CD2dzq3gd76gh97e8AE3r,1477980988,104.09202,30.71958
9j22fi9gb62rB4luAgce49ahegf_qBbg,3c4eg98jhc8CD2dzq3gd76gh97e8AE3r,1477980991,104.0915,30.71962
9j22fi9gb62rB4luAgce49ahegf_qBbg,3c4eg98jhc8CD2dzq3gd76gh97e8AE3r,1477980994,104.09096,30.71969
9j22fi9gb62rB4luAgce49ahegf_qBbg,3c4eg98jhc8CD2dzq3gd76gh97e8AE3r,1477980997,104.09039,30.71979
9j22fi9gb62rB4luAgce49ahegf_qBbg,3c4eg98jhc8CD2dzq3gd76gh97e8AE3r,1477981000,104.08992,30.71987
9j22fi9gb62rB4luAgce49ahegf_qBbg,3c4eg98jhc8CD2dzq3gd76gh97e8AE3r,1477981003,104.08931,30.71999
9j22fi9gb62rB4luAgce49ahegf_qBbg,3c4eg98jhc8CD2dzq3gd76gh97e8AE3r,1477981006,104.08866,30.72013
9j22fi9gb62rB4luAgce49ahegf_qBbg,3c4eg98jhc8CD2dzq3gd76gh97e8AE3r,1477981009,104.08803,30.72029
9j22fi9gb62rB4luAgce49ahegf_qBbg,3c4eg98jhc8CD2dzq3gd76gh97e8AE3r,1477981012,104.08739,30.72045
9j22fi9gb62rB4luAgce49ahegf_qBbg,3c4eg98jhc8CD2dzq3gd76gh97e8AE3r,1477981018,104.08589,30.72086
9j22fi9gb62rB4luAgce49ahegf_qBbg,3c4eg98jhc8CD2dzq3gd76gh97e8AE3r,1477981021,104.08528,30.72102
9j22fi9gb62rB4luAgce49ahegf_qBbg,3c4eg98jhc8CD2dzq3gd76gh97e8AE3r,1477981024,104.08468,30.72118
9j22fi9gb62rB4luAgce49ahegf_qBbg,3c4eg98jhc8CD2dzq3gd76gh97e8AE3r,1477981027,104.08408,30.72134
9j22fi9gb62rB4luAgce49ahegf_qBbg,3c4eg98jhc8CD2dzq3gd76gh97e8AE3r,1477981030,104.08346,30.7215
9j22fi9gb62rB4luAgce49ahegf_qBbg,3c4eg98jhc8CD2dzq3gd76gh97e8AE3r,1477981033,104.08302,30.72162
9j22fi9gb62rB4luAgce49ahegf_qBbg,3c4eg98jhc8CD2dzq3gd76gh97e8AE3r,1477981036,104.08237,30.72179
9j22fi9gb62rB4luAgce49ahegf_qBbg,3c4eg98jhc8CD2dzq3gd76gh97e8AE3r,1477981039,104.0817,30.72197
9j22fi9gb62rB4luAgce49ahegf_qBbg,3c4eg98jhc8CD2dzq3gd76gh97e8AE3r,1477981049,104.07932,30.72262
9j22fi9gb62rB4luAgce49ahegf_qBbg,3c4eg98jhc8CD2dzq3gd76gh97e8AE3r,1477981057,104.07723,30.72318
9j22fi9gb62rB4luAgce49ahegf_qBbg,3c4eg98jhc8CD2dzq3gd76gh97e8AE3r,1477981060,104.07657,30.72334
9j22fi9gb62rB4luAgce49ahegf_qBbg,3c4eg98jhc8CD2dzq3gd76gh97e8AE3r,1477981063,104.07592,30.72348
9j22fi9gb62rB4luAgce49ahegf_qBbg,3c4eg98jhc8CD2dzq3gd76gh97e8AE3r,1477981066,104.07547,30.72358
9j22fi9gb62rB4luAgce49ahegf_qBbg,3c4eg98jhc8CD2dzq3gd76gh97e8AE3r,1477981069,104.07481,30.72372
9j22fi9gb62rB4luAgce49ahegf_qBbg,3c4eg98jhc8CD2dzq3gd76gh97e8AE3r,1477981072,104.07414,30.72382
9j22fi9gb62rB4luAgce49ahegf_qBbg,3c4eg98jhc8CD2dzq3gd76gh97e8AE3r,1477981081,104.07232,30.72406
9j22fi9gb62rB4luAgce49ahegf_qBbg,3c4eg98jhc8CD2dzq3gd76gh97e8AE3r,1477981084,104.07184,30.72412
9j22fi9gb62rB4luAgce49ahegf_qBbg,3c4eg98jhc8CD2dzq3gd76gh97e8AE3r,1477981087,104.07133,30.72418
9j22fi9gb62rB4luAgce49ahegf_qBbg,3c4eg98jhc8CD2dzq3gd76gh97e8AE3r,1477981090,104.07079,30.72425
9j22fi9gb62rB4luAgce49ahegf_qBbg,3c4eg98jhc8CD2dzq3gd76gh97e8AE3r,1477981093,104.07028,30.72432
9j22fi9gb62rB4luAgce49ahegf_qBbg,3c4eg98jhc8CD2dzq3gd76gh97e8AE3r,1477981096,104.06995,30.72436
9j22fi9gb62rB4luAgce49ahegf_qBbg,3c4eg98jhc8CD2dzq3gd76gh97e8AE3r,1477981099,104.06942,30.72442
9j22fi9gb62rB4luAgce49ahegf_qBbg,3c4eg98jhc8CD2dzq3gd76gh97e8AE3r,1477981102,104.06893,30.72448
9j22fi9gb62rB4luAgce49ahegf_qBbg,3c4eg98jhc8CD2dzq3gd76gh97e8AE3r,1477981105,104.06825,30.72456
9j22fi9gb62rB4luAgce49ahegf_qBbg,3c4eg98jhc8CD2dzq3gd76gh97e8AE3r,1477981108,104.06774,30.72463
9j22fi9gb62rB4luAgce49ahegf_qBbg,3c4eg98jhc8CD2dzq3gd76gh97e8AE3r,1477981111,104.06712,30.7247
9j22fi9gb62rB4luAgce49ahegf_qBbg,3c4eg98jhc8CD2dzq3gd76gh97e8AE3r,1477981114,104.06654,30.72477
9j22fi9gb62rB4luAgce49ahegf_qBbg,3c4eg98jhc8CD2dzq3gd76gh97e8AE3r,1477981117,104.06596,30.72484
9j22fi9gb62rB4luAgce49ahegf_qBbg,3c4eg98jhc8CD2dzq3gd76gh97e8AE3r,1477981120,104.06545,30.72491
9j22fi9gb62rB4luAgce49ahegf_qBbg,3c4eg98jhc8CD2dzq3gd76gh97e8AE3r,1477981123,104.06488,30.72498
9j22fi9gb62rB4luAgce49ahegf_qBbg,3c4eg98jhc8CD2dzq3gd76gh97e8AE3r,1477981126,104.06433,30.72505
9j22fi9gb62rB4luAgce49ahegf_qBbg,3c4eg98jhc8CD2dzq3gd76gh97e8AE3r,1477981129,104.06396,30.72509
9j22fi9gb62rB4luAgce49ahegf_qBbg,3c4eg98jhc8CD2dzq3gd76gh97e8AE3r,1477981132,104.06337,30.72516
9j22fi9gb62rB4luAgce49ahegf_qBbg,3c4eg98jhc8CD2dzq3gd76gh97e8AE3r,1477981135,104.06267,30.72525
9j22fi9gb62rB4luAgce49ahegf_qBbg,3c4eg98jhc8CD2dzq3gd76gh97e8AE3r,1477981138,104.06213,30.72532
9j22fi9gb62rB4luAgce49ahegf_qBbg,3c4eg98jhc8CD2dzq3gd76gh97e8AE3r,1477981141,104.06164,30.72538
9j22fi9gb62rB4luAgce49ahegf_qBbg,3c4eg98jhc8CD2dzq3gd76gh97e8AE3r,1477981144,104.06115,30.72544
9j22fi9gb62rB4luAgce49ahegf_qBbg,3c4eg98jhc8CD2dzq3gd76gh97e8AE3r,1477981147,104.06067,30.7255
9j22fi9gb62rB4luAgce49ahegf_qBbg,3c4eg98jhc8CD2dzq3gd76gh97e8AE3r,1477981150,104.06018,30.72556
9j22fi9gb62rB4luAgce49ahegf_qBbg,3c4eg98jhc8CD2dzq3gd76gh97e8AE3r,1477981153,104.05976,30.72561
9j22fi9gb62rB4luAgce49ahegf_qBbg,3c4eg98jhc8CD2dzq3gd76gh97e8AE3r,1477981156,104.05928,30.72567
9j22fi9gb62rB4luAgce49ahegf_qBbg,3c4eg98jhc8CD2dzq3gd76gh97e8AE3r,1477981162,104.05837,30.72578
9j22fi9gb62rB4luAgce49ahegf_qBbg,3c4eg98jhc8CD2dzq3gd76gh97e8AE3r,1477981165,104.05764,30.72584
9j22fi9gb62rB4luAgce49ahegf_qBbg,3c4eg98jhc8CD2dzq3gd76gh97e8AE3r,1477981168,104.05713,30.72587
9j22fi9gb62rB4luAgce49ahegf_qBbg,3c4eg98jhc8CD2dzq3gd76gh97e8AE3r,1477981171,104.05663,30.7259
9j22fi9gb62rB4luAgce49ahegf_qBbg,3c4eg98jhc8CD2dzq3gd76gh97e8AE3r,1477981174,104.05611,30.72594
9j22fi9gb62rB4luAgce49ahegf_qBbg,3c4eg98jhc8CD2dzq3gd76gh97e8AE3r,1477981178,104.05566,30.72597
9j22fi9gb62rB4luAgce49ahegf_qBbg,3c4eg98jhc8CD2dzq3gd76gh97e8AE3r,1477981180,104.05524,30.726
9j22fi9gb62rB4luAgce49ahegf_qBbg,3c4eg98jhc8CD2dzq3gd76gh97e8AE3r,1477981183,104.05481,30.72604
9j22fi9gb62rB4luAgce49ahegf_qBbg,3c4eg98jhc8CD2dzq3gd76gh97e8AE3r,1477981187,104.05454,30.72605
9j22fi9gb62rB4luAgce49ahegf_qBbg,3c4eg98jhc8CD2dzq3gd76gh97e8AE3r,1477981189,104.05404,30.72609
9j22fi9gb62rB4luAgce49ahegf_qBbg,3c4eg98jhc8CD2dzq3gd76gh97e8AE3r,1477981193,104.05373,30.72611
9j22fi9gb62rB4luAgce49ahegf_qBbg,3c4eg98jhc8CD2dzq3gd76gh97e8AE3r,1477981196,104.05343,30.72613
9j22fi9gb62rB4luAgce49ahegf_qBbg,3c4eg98jhc8CD2dzq3gd76gh97e8AE3r,1477981199,104.05309,30.72618
9j22fi9gb62rB4luAgce49ahegf_qBbg,3c4eg98jhc8CD2dzq3gd76gh97e8AE3r,1477981202,104.05275,30.72626
9j22fi9gb62rB4luAgce49ahegf_qBbg,3c4eg98jhc8CD2dzq3gd76gh97e8AE3r,1477981204,104.05243,30.72629
9j22fi9gb62rB4luAgce49ahegf_qBbg,3c4eg98jhc8CD2dzq3gd76gh97e8AE3r,1477981208,104.05215,30.7263
9j22fi9gb62rB4luAgce49ahegf_qBbg,3c4eg98jhc8CD2dzq3gd76gh97e8AE3r,1477981211,104.05186,30.72632
9j22fi9gb62rB4luAgce49ahegf_qBbg,3c4eg98jhc8CD2dzq3gd76gh97e8AE3r,1477981214,104.05152,30.72634
9j22fi9gb62rB4luAgce49ahegf_qBbg,3c4eg98jhc8CD2dzq3gd76gh97e8AE3r,1477981217,104.05119,30.72636
9j22fi9gb62rB4luAgce49ahegf_qBbg,3c4eg98jhc8CD2dzq3gd76gh97e8AE3r,1477981220,104.05098,30.72637
9j22fi9gb62rB4luAgce49ahegf_qBbg,3c4eg98jhc8CD2dzq3gd76gh97e8AE3r,1477981223,104.05056,30.72638
9j22fi9gb62rB4luAgce49ahegf_qBbg,3c4eg98jhc8CD2dzq3gd76gh97e8AE3r,1477981226,104.05024,30.72638
9j22fi9gb62rB4luAgce49ahegf_qBbg,3c4eg98jhc8CD2dzq3gd76gh97e8AE3r,1477981229,104.04992,30.72637
9j22fi9gb62rB4luAgce49ahegf_qBbg,3c4eg98jhc8CD2dzq3gd76gh97e8AE3r,1477981232,104.04959,30.72636
9j22fi9gb62rB4luAgce49ahegf_qBbg,3c4eg98jhc8CD2dzq3gd76gh97e8AE3r,1477981238,104.04903,30.72641
9j22fi9gb62rB4luAgce49ahegf_qBbg,3c4eg98jhc8CD2dzq3gd76gh97e8AE3r,1477981241,104.04882,30.72645
9j22fi9gb62rB4luAgce49ahegf_qBbg,3c4eg98jhc8CD2dzq3gd76gh97e8AE3r,1477981244,104.04864,30.72648
9j22fi9gb62rB4luAgce49ahegf_qBbg,3c4eg98jhc8CD2dzq3gd76gh97e8AE3r,1477981247,104.04837,30.72659
9j22fi9gb62rB4luAgce49ahegf_qBbg,3c4eg98jhc8CD2dzq3gd76gh97e8AE3r,1477981250,104.04813,30.72663
9j22fi9gb62rB4luAgce49ahegf_qBbg,3c4eg98jhc8CD2dzq3gd76gh97e8AE3r,1477981253,104.04787,30.72665
9j22fi9gb62rB4luAgce49ahegf_qBbg,3c4eg98jhc8CD2dzq3gd76gh97e8AE3r,1477981256,104.04753,30.72659
9j22fi9gb62rB4luAgce49ahegf_qBbg,3c4eg98jhc8CD2dzq3gd76gh97e8AE3r,1477981259,104.04731,30.72649
9j22fi9gb62rB4luAgce49ahegf_qBbg,3c4eg98jhc8CD2dzq3gd76gh97e8AE3r,1477981262,104.0471,30.72635
9j22fi9gb62rB4luAgce49ahegf_qBbg,3c4eg98jhc8CD2dzq3gd76gh97e8AE3r,1477981265,104.047,30.72622
9j22fi9gb62rB4luAgce49ahegf_qBbg,3c4eg98jhc8CD2dzq3gd76gh97e8AE3r,1477981268,104.04692,30.72607
9j22fi9gb62rB4luAgce49ahegf_qBbg,3c4eg98jhc8CD2dzq3gd76gh97e8AE3r,1477981271,104.04687,30.72582
9j22fi9gb62rB4luAgce49ahegf_qBbg,3c4eg98jhc8CD2dzq3gd76gh97e8AE3r,1477981274,104.04696,30.72554
9j22fi9gb62rB4luAgce49ahegf_qBbg,3c4eg98jhc8CD2dzq3gd76gh97e8AE3r,1477981277,104.04717,30.72531
9j22fi9gb62rB4luAgce49ahegf_qBbg,3c4eg98jhc8CD2dzq3gd76gh97e8AE3r,1477981283,104.04758,30.72506
9j22fi9gb62rB4luAgce49ahegf_qBbg,3c4eg98jhc8CD2dzq3gd76gh97e8AE3r,1477981286,104.04771,30.725
9j22fi9gb62rB4luAgce49ahegf_qBbg,3c4eg98jhc8CD2dzq3gd76gh97e8AE3r,1477981289,104.04791,30.7249
9j22fi9gb62rB4luAgce49ahegf_qBbg,3c4eg98jhc8CD2dzq3gd76gh97e8AE3r,1477981292,104.04817,30.72472
9j22fi9gb62rB4luAgce49ahegf_qBbg,3c4eg98jhc8CD2dzq3gd76gh97e8AE3r,1477981295,104.04846,30.72447
9j22fi9gb62rB4luAgce49ahegf_qBbg,3c4eg98jhc8CD2dzq3gd76gh97e8AE3r,1477981298,104.04865,30.72417
9j22fi9gb62rB4luAgce49ahegf_qBbg,3c4eg98jhc8CD2dzq3gd76gh97e8AE3r,1477981301,104.04881,30.72382
9j22fi9gb62rB4luAgce49ahegf_qBbg,3c4eg98jhc8CD2dzq3gd76gh97e8AE3r,1477981304,104.04896,30.72348
9j22fi9gb62rB4luAgce49ahegf_qBbg,3c4eg98jhc8CD2dzq3gd76gh97e8AE3r,1477981307,104.04914,30.72314
9j22fi9gb62rB4luAgce49ahegf_qBbg,3c4eg98jhc8CD2dzq3gd76gh97e8AE3r,1477981310,104.04935,30.72276
9j22fi9gb62rB4luAgce49ahegf_qBbg,3c4eg98jhc8CD2dzq3gd76gh97e8AE3r,1477981313,104.04932,30.72224
9j22fi9gb62rB4luAgce49ahegf_qBbg,3c4eg98jhc8CD2dzq3gd76gh97e8AE3r,1477981316,104.04925,30.72198
9j22fi9gb62rB4luAgce49ahegf_qBbg,3c4eg98jhc8CD2dzq3gd76gh97e8AE3r,1477981319,104.04903,30.72161
9j22fi9gb62rB4luAgce49ahegf_qBbg,3c4eg98jhc8CD2dzq3gd76gh97e8AE3r,1477981322,104.04878,30.72125
9j22fi9gb62rB4luAgce49ahegf_qBbg,3c4eg98jhc8CD2dzq3gd76gh97e8AE3r,1477981325,104.04855,30.72089
9j22fi9gb62rB4luAgce49ahegf_qBbg,3c4eg98jhc8CD2dzq3gd76gh97e8AE3r,1477981328,104.04842,30.72051
9j22fi9gb62rB4luAgce49ahegf_qBbg,3c4eg98jhc8CD2dzq3gd76gh97e8AE3r,1477981331,104.04841,30.72012
9j22fi9gb62rB4luAgce49ahegf_qBbg,3c4eg98jhc8CD2dzq3gd76gh97e8AE3r,1477981334,104.04851,30.71971
9j22fi9gb62rB4luAgce49ahegf_qBbg,3c4eg98jhc8CD2dzq3gd76gh97e8AE3r,1477981337,104.0487,30.71931
9j22fi9gb62rB4luAgce49ahegf_qBbg,3c4eg98jhc8CD2dzq3gd76gh97e8AE3r,1477981340,104.04888,30.71894
9j22fi9gb62rB4luAgce49ahegf_qBbg,3c4eg98jhc8CD2dzq3gd76gh97e8AE3r,1477981343,104.04911,30.71846
9j22fi9gb62rB4luAgce49ahegf_qBbg,3c4eg98jhc8CD2dzq3gd76gh97e8AE3r,1477981346,104.04924,30.71823
9j22fi9gb62rB4luAgce49ahegf_qBbg,3c4eg98jhc8CD2dzq3gd76gh97e8AE3r,1477981349,104.04943,30.71793
9j22fi9gb62rB4luAgce49ahegf_qBbg,3c4eg98jhc8CD2dzq3gd76gh97e8AE3r,1477981352,104.04962,30.71763
9j22fi9gb62rB4luAgce49ahegf_qBbg,3c4eg98jhc8CD2dzq3gd76gh97e8AE3r,1477981355,104.0498,30.71736
9j22fi9gb62rB4luAgce49ahegf_qBbg,3c4eg98jhc8CD2dzq3gd76gh97e8AE3r,1477981358,104.05,30.71706
9j22fi9gb62rB4luAgce49ahegf_qBbg,3c4eg98jhc8CD2dzq3gd76gh97e8AE3r,1477981361,104.05024,30.71671
9j22fi9gb62rB4luAgce49ahegf_qBbg,3c4eg98jhc8CD2dzq3gd76gh97e8AE3r,1477981364,104.05047,30.71634
9j22fi9gb62rB4luAgce49ahegf_qBbg,3c4eg98jhc8CD2dzq3gd76gh97e8AE3r,1477981367,104.05067,30.71599
9j22fi9gb62rB4luAgce49ahegf_qBbg,3c4eg98jhc8CD2dzq3gd76gh97e8AE3r,1477981370,104.05084,30.71562
9j22fi9gb62rB4luAgce49ahegf_qBbg,3c4eg98jhc8CD2dzq3gd76gh97e8AE3r,1477981373,104.05097,30.71526
9j22fi9gb62rB4luAgce49ahegf_qBbg,3c4eg98jhc8CD2dzq3gd76gh97e8AE3r,1477981376,104.05105,30.71476
9j22fi9gb62rB4luAgce49ahegf_qBbg,3c4eg98jhc8CD2dzq3gd76gh97e8AE3r,1477981379,104.05108,30.71439
9j22fi9gb62rB4luAgce49ahegf_qBbg,3c4eg98jhc8CD2dzq3gd76gh97e8AE3r,1477981382,104.05108,30.71418
9j22fi9gb62rB4luAgce49ahegf_qBbg,3c4eg98jhc8CD2dzq3gd76gh97e8AE3r,1477981386,104.05108,30.71396
9j22fi9gb62rB4luAgce49ahegf_qBbg,3c4eg98jhc8CD2dzq3gd76gh97e8AE3r,1477981388,104.05086,30.71382
9j22fi9gb62rB4luAgce49ahegf_qBbg,3c4eg98jhc8CD2dzq3gd76gh97e8AE3r,1477981391,104.05061,30.7138
9j22fi9gb62rB4luAgce49ahegf_qBbg,3c4eg98jhc8CD2dzq3gd76gh97e8AE3r,1477981394,104.05047,30.71379
9j22fi9gb62rB4luAgce49ahegf_qBbg,3c4eg98jhc8CD2dzq3gd76gh97e8AE3r,1477981397,104.05021,30.71376
9j22fi9gb62rB4luAgce49ahegf_qBbg,3c4eg98jhc8CD2dzq3gd76gh97e8AE3r,1477981400,104.05005,30.71375
9j22fi9gb62rB4luAgce49ahegf_qBbg,3c4eg98jhc8CD2dzq3gd76gh97e8AE3r,1477981403,104.04992,30.71374
9j22fi9gb62rB4luAgce49ahegf_qBbg,3c4eg98jhc8CD2dzq3gd76gh97e8AE3r,1477981406,104.04979,30.71373
9j22fi9gb62rB4luAgce49ahegf_qBbg,3c4eg98jhc8CD2dzq3gd76gh97e8AE3r,1477981409,104.04967,30.71372
9j22fi9gb62rB4luAgce49ahegf_qBbg,3c4eg98jhc8CD2dzq3gd76gh97e8AE3r,1477981412,104.0496,30.71371
9j22fi9gb62rB4luAgce49ahegf_qBbg,3c4eg98jhc8CD2dzq3gd76gh97e8AE3r,1477981416,104.04952,30.7137
9j22fi9gb62rB4luAgce49ahegf_qBbg,3c4eg98jhc8CD2dzq3gd76gh97e8AE3r,1477981418,104.04939,30.71369
9j22fi9gb62rB4luAgce49ahegf_qBbg,3c4eg98jhc8CD2dzq3gd76gh97e8AE3r,1477981421,104.04931,30.71368
9j22fi9gb62rB4luAgce49ahegf_qBbg,3c4eg98jhc8CD2dzq3gd76gh97e8AE3r,1477981422,104.04931,30.71368
9j22fi9gb62rB4luAgce49ahegf_qBbg,3c4eg98jhc8CD2dzq3gd76gh97e8AE3r,1477981424,104.04931,30.71368
9j22fi9gb62rB4luAgce49ahegf_qBbg,3c4eg98jhc8CD2dzq3gd76gh97e8AE3r,1477981425,104.04931,30.71368
9j22fi9gb62rB4luAgce49ahegf_qBbg,gg0a3dda5a.xu.qBA46365of9i12Cr2l,1477982374,104.04593,30.71475
9j22fi9gb62rB4luAgce49ahegf_qBbg,gg0a3dda5a.xu.qBA46365of9i12Cr2l,1477982377,104.04593,30.71475
9j22fi9gb62rB4luAgce49ahegf_qBbg,gg0a3dda5a.xu.qBA46365of9i12Cr2l,1477982380,104.04593,30.71475
9j22fi9gb62rB4luAgce49ahegf_qBbg,gg0a3dda5a.xu.qBA46365of9i12Cr2l,1477982383,104.04593,30.71475
9j22fi9gb62rB4luAgce49ahegf_qBbg,gg0a3dda5a.xu.qBA46365of9i12Cr2l,1477982386,104.04593,30.71475
9j22fi9gb62rB4luAgce49ahegf_qBbg,gg0a3dda5a.xu.qBA46365of9i12Cr2l,1477982390,104.04601,30.71475
9j22fi9gb62rB4luAgce49ahegf_qBbg,gg0a3dda5a.xu.qBA46365of9i12Cr2l,1477982392,104.04617,30.71476
9j22fi9gb62rB4luAgce49ahegf_qBbg,gg0a3dda5a.xu.qBA46365of9i12Cr2l,1477982395,104.04634,30.71477
9j22fi9gb62rB4luAgce49ahegf_qBbg,gg0a3dda5a.xu.qBA46365of9i12Cr2l,1477982398,104.04634,30.71477
9j22fi9gb62rB4luAgce49ahegf_qBbg,gg0a3dda5a.xu.qBA46365of9i12Cr2l,1477982402,104.04634,30.71477
9j22fi9gb62rB4luAgce49ahegf_qBbg,gg0a3dda5a.xu.qBA46365of9i12Cr2l,1477982404,104.04635,30.71477
9j22fi9gb62rB4luAgce49ahegf_qBbg,gg0a3dda5a.xu.qBA46365of9i12Cr2l,1477982407,104.04639,30.71478
9j22fi9gb62rB4luAgce49ahegf_qBbg,gg0a3dda5a.xu.qBA46365of9i12Cr2l,1477982410,104.0464,30.71478
9j22fi9gb62rB4luAgce49ahegf_qBbg,gg0a3dda5a.xu.qBA46365of9i12Cr2l,1477982416,104.04642,30.71478
9j22fi9gb62rB4luAgce49ahegf_qBbg,gg0a3dda5a.xu.qBA46365of9i12Cr2l,1477982419,104.04643,30.71478
9j22fi9gb62rB4luAgce49ahegf_qBbg,gg0a3dda5a.xu.qBA46365of9i12Cr2l,1477982422,104.04643,30.71478
9j22fi9gb62rB4luAgce49ahegf_qBbg,gg0a3dda5a.xu.qBA46365of9i12Cr2l,1477982425,104.04643,30.71478
9j22fi9gb62rB4luAgce49ahegf_qBbg,gg0a3dda5a.xu.qBA46365of9i12Cr2l,1477982428,104.04643,30.71478
9j22fi9gb62rB4luAgce49ahegf_qBbg,gg0a3dda5a.xu.qBA46365of9i12Cr2l,1477982431,104.04643,30.71478
9j22fi9gb62rB4luAgce49ahegf_qBbg,gg0a3dda5a.xu.qBA46365of9i12Cr2l,1477982434,104.04643,30.71478
9j22fi9gb62rB4luAgce49ahegf_qBbg,gg0a3dda5a.xu.qBA46365of9i12Cr2l,1477982437,104.04643,30.71478
9j22fi9gb62rB4luAgce49ahegf_qBbg,gg0a3dda5a.xu.qBA46365of9i12Cr2l,1477982440,104.04643,30.71478
9j22fi9gb62rB4luAgce49ahegf_qBbg,gg0a3dda5a.xu.qBA46365of9i12Cr2l,1477982443,104.04651,30.71478
9j22fi9gb62rB4luAgce49ahegf_qBbg,gg0a3dda5a.xu.qBA46365of9i12Cr2l,1477982446,104.04659,30.71479
9j22fi9gb62rB4luAgce49ahegf_qBbg,gg0a3dda5a.xu.qBA46365of9i12Cr2l,1477982449,104.04686,30.7146
9j22fi9gb62rB4luAgce49ahegf_qBbg,gg0a3dda5a.xu.qBA46365of9i12Cr2l,1477982452,104.04703,30.71439
9j22fi9gb62rB4luAgce49ahegf_qBbg,gg0a3dda5a.xu.qBA46365of9i12Cr2l,1477982455,104.04719,30.71418
9j22fi9gb62rB4luAgce49ahegf_qBbg,gg0a3dda5a.xu.qBA46365of9i12Cr2l,1477982458,104.04737,30.71395
9j22fi9gb62rB4luAgce49ahegf_qBbg,gg0a3dda5a.xu.qBA46365of9i12Cr2l,1477982461,104.04754,30.71373
9j22fi9gb62rB4luAgce49ahegf_qBbg,gg0a3dda5a.xu.qBA46365of9i12Cr2l,1477982464,104.04765,30.71356
9j22fi9gb62rB4luAgce49ahegf_qBbg,gg0a3dda5a.xu.qBA46365of9i12Cr2l,1477982467,104.04768,30.71338
9j22fi9gb62rB4luAgce49ahegf_qBbg,gg0a3dda5a.xu.qBA46365of9i12Cr2l,1477982470,104.04769,30.71328
9j22fi9gb62rB4luAgce49ahegf_qBbg,gg0a3dda5a.xu.qBA46365of9i12Cr2l,1477982473,104.0477,30.7132
9j22fi9gb62rB4luAgce49ahegf_qBbg,gg0a3dda5a.xu.qBA46365of9i12Cr2l,1477982476,104.04772,30.71308
9j22fi9gb62rB4luAgce49ahegf_qBbg,gg0a3dda5a.xu.qBA46365of9i12Cr2l,1477982479,104.04773,30.71294
9j22fi9gb62rB4luAgce49ahegf_qBbg,gg0a3dda5a.xu.qBA46365of9i12Cr2l,1477982482,104.04775,30.71278
9j22fi9gb62rB4luAgce49ahegf_qBbg,gg0a3dda5a.xu.qBA46365of9i12Cr2l,1477982485,104.04777,30.71261
9j22fi9gb62rB4luAgce49ahegf_qBbg,gg0a3dda5a.xu.qBA46365of9i12Cr2l,1477982488,104.04779,30.71244
9j22fi9gb62rB4luAgce49ahegf_qBbg,gg0a3dda5a.xu.qBA46365of9i12Cr2l,1477982491,104.04781,30.71225
9j22fi9gb62rB4luAgce49ahegf_qBbg,gg0a3dda5a.xu.qBA46365of9i12Cr2l,1477982494,104.04784,30.71198
9j22fi9gb62rB4luAgce49ahegf_qBbg,gg0a3dda5a.xu.qBA46365of9i12Cr2l,1477982497,104.04785,30.71183
9j22fi9gb62rB4luAgce49ahegf_qBbg,gg0a3dda5a.xu.qBA46365of9i12Cr2l,1477982500,104.04788,30.71163
9j22fi9gb62rB4luAgce49ahegf_qBbg,gg0a3dda5a.xu.qBA46365of9i12Cr2l,1477982503,104.0479,30.7114
9j22fi9gb62rB4luAgce49ahegf_qBbg,gg0a3dda5a.xu.qBA46365of9i12Cr2l,1477982506,104.04791,30.71128
9j22fi9gb62rB4luAgce49ahegf_qBbg,gg0a3dda5a.xu.qBA46365of9i12Cr2l,1477982509,104.04791,30.71116
9j22fi9gb62rB4luAgce49ahegf_qBbg,gg0a3dda5a.xu.qBA46365of9i12Cr2l,1477982512,104.0479,30.71112
9j22fi9gb62rB4luAgce49ahegf_qBbg,gg0a3dda5a.xu.qBA46365of9i12Cr2l,1477982515,104.0479,30.71112
9j22fi9gb62rB4luAgce49ahegf_qBbg,gg0a3dda5a.xu.qBA46365of9i12Cr2l,1477982518,104.0479,30.71112
9j22fi9gb62rB4luAgce49ahegf_qBbg,gg0a3dda5a.xu.qBA46365of9i12Cr2l,1477982521,104.0479,30.71112
9j22fi9gb62rB4luAgce49ahegf_qBbg,gg0a3dda5a.xu.qBA46365of9i12Cr2l,1477982524,104.0479,30.71108
9j22fi9gb62rB4luAgce49ahegf_qBbg,gg0a3dda5a.xu.qBA46365of9i12Cr2l,1477982527,104.04791,30.71092
9j22fi9gb62rB4luAgce49ahegf_qBbg,gg0a3dda5a.xu.qBA46365of9i12Cr2l,1477982530,104.04794,30.71075
9j22fi9gb62rB4luAgce49ahegf_qBbg,gg0a3dda5a.xu.qBA46365of9i12Cr2l,1477982533,104.04797,30.71055
9j22fi9gb62rB4luAgce49ahegf_qBbg,gg0a3dda5a.xu.qBA46365of9i12Cr2l,1477982536,104.048,30.71036
9j22fi9gb62rB4luAgce49ahegf_qBbg,gg0a3dda5a.xu.qBA46365of9i12Cr2l,1477982542,104.04804,30.71012
9j22fi9gb62rB4luAgce49ahegf_qBbg,gg0a3dda5a.xu.qBA46365of9i12Cr2l,1477982545,104.04806,30.70998
9j22fi9gb62rB4luAgce49ahegf_qBbg,gg0a3dda5a.xu.qBA46365of9i12Cr2l,1477982548,104.0481,30.70973
9j22fi9gb62rB4luAgce49ahegf_qBbg,gg0a3dda5a.xu.qBA46365of9i12Cr2l,1477982551,104.04815,30.70945
9j22fi9gb62rB4luAgce49ahegf_qBbg,gg0a3dda5a.xu.qBA46365of9i12Cr2l,1477982554,104.04819,30.70917
9j22fi9gb62rB4luAgce49ahegf_qBbg,gg0a3dda5a.xu.qBA46365of9i12Cr2l,1477982557,104.04821,30.70894
9j22fi9gb62rB4luAgce49ahegf_qBbg,gg0a3dda5a.xu.qBA46365of9i12Cr2l,1477982560,104.04824,30.70868
9j22fi9gb62rB4luAgce49ahegf_qBbg,gg0a3dda5a.xu.qBA46365of9i12Cr2l,1477982563,104.04826,30.70849
9j22fi9gb62rB4luAgce49ahegf_qBbg,gg0a3dda5a.xu.qBA46365of9i12Cr2l,1477982566,104.04828,30.70834
9j22fi9gb62rB4luAgce49ahegf_qBbg,gg0a3dda5a.xu.qBA46365of9i12Cr2l,1477982569,104.0483,30.70815
9j22fi9gb62rB4luAgce49ahegf_qBbg,gg0a3dda5a.xu.qBA46365of9i12Cr2l,1477982572,104.0483,30.70804
9j22fi9gb62rB4luAgce49ahegf_qBbg,gg0a3dda5a.xu.qBA46365of9i12Cr2l,1477982575,104.04831,30.70792
9j22fi9gb62rB4luAgce49ahegf_qBbg,gg0a3dda5a.xu.qBA46365of9i12Cr2l,1477982578,104.04832,30.70787
9j22fi9gb62rB4luAgce49ahegf_qBbg,gg0a3dda5a.xu.qBA46365of9i12Cr2l,1477982581,104.04832,30.70784
9j22fi9gb62rB4luAgce49ahegf_qBbg,gg0a3dda5a.xu.qBA46365of9i12Cr2l,1477982584,104.04832,30.70783
9j22fi9gb62rB4luAgce49ahegf_qBbg,gg0a3dda5a.xu.qBA46365of9i12Cr2l,1477982587,104.04832,30.70783
9j22fi9gb62rB4luAgce49ahegf_qBbg,gg0a3dda5a.xu.qBA46365of9i12Cr2l,1477982590,104.04832,30.70783
9j22fi9gb62rB4luAgce49ahegf_qBbg,gg0a3dda5a.xu.qBA46365of9i12Cr2l,1477982593,104.04832,30.70783
9j22fi9gb62rB4luAgce49ahegf_qBbg,gg0a3dda5a.xu.qBA46365of9i12Cr2l,1477982596,104.04832,30.70783
9j22fi9gb62rB4luAgce49ahegf_qBbg,gg0a3dda5a.xu.qBA46365of9i12Cr2l,1477982599,104.04832,30.70783
9j22fi9gb62rB4luAgce49ahegf_qBbg,gg0a3dda5a.xu.qBA46365of9i12Cr2l,1477982602,104.04832,30.70783
9j22fi9gb62rB4luAgce49ahegf_qBbg,gg0a3dda5a.xu.qBA46365of9i12Cr2l,1477982605,104.04832,30.70783
9j22fi9gb62rB4luAgce49ahegf_qBbg,gg0a3dda5a.xu.qBA46365of9i12Cr2l,1477982608,104.04832,30.70783
9j22fi9gb62rB4luAgce49ahegf_qBbg,gg0a3dda5a.xu.qBA46365of9i12Cr2l,1477982611,104.04833,30.7077
9j22fi9gb62rB4luAgce49ahegf_qBbg,gg0a3dda5a.xu.qBA46365of9i12Cr2l,1477982614,104.04834,30.70764
9j22fi9gb62rB4luAgce49ahegf_qBbg,gg0a3dda5a.xu.qBA46365of9i12Cr2l,1477982617,104.04834,30.70759
9j22fi9gb62rB4luAgce49ahegf_qBbg,gg0a3dda5a.xu.qBA46365of9i12Cr2l,1477982623,104.04854,30.70742
9j22fi9gb62rB4luAgce49ahegf_qBbg,gg0a3dda5a.xu.qBA46365of9i12Cr2l,1477982626,104.04872,30.70725
9j22fi9gb62rB4luAgce49ahegf_qBbg,gg0a3dda5a.xu.qBA46365of9i12Cr2l,1477982629,104.04889,30.70702
9j22fi9gb62rB4luAgce49ahegf_qBbg,gg0a3dda5a.xu.qBA46365of9i12Cr2l,1477982632,104.04914,30.70669
9j22fi9gb62rB4luAgce49ahegf_qBbg,gg0a3dda5a.xu.qBA46365of9i12Cr2l,1477982635,104.04933,30.70645
9j22fi9gb62rB4luAgce49ahegf_qBbg,gg0a3dda5a.xu.qBA46365of9i12Cr2l,1477982638,104.0495,30.70623
9j22fi9gb62rB4luAgce49ahegf_qBbg,gg0a3dda5a.xu.qBA46365of9i12Cr2l,1477982641,104.04957,30.70614
9j22fi9gb62rB4luAgce49ahegf_qBbg,gg0a3dda5a.xu.qBA46365of9i12Cr2l,1477982644,104.04959,30.70612
9j22fi9gb62rB4luAgce49ahegf_qBbg,gg0a3dda5a.xu.qBA46365of9i12Cr2l,1477982647,104.04959,30.70612
9j22fi9gb62rB4luAgce49ahegf_qBbg,gg0a3dda5a.xu.qBA46365of9i12Cr2l,1477982650,104.0496,30.70611
9j22fi9gb62rB4luAgce49ahegf_qBbg,gg0a3dda5a.xu.qBA46365of9i12Cr2l,1477982653,104.0496,30.70611
9j22fi9gb62rB4luAgce49ahegf_qBbg,gg0a3dda5a.xu.qBA46365of9i12Cr2l,1477982656,104.04962,30.70608
9j22fi9gb62rB4luAgce49ahegf_qBbg,gg0a3dda5a.xu.qBA46365of9i12Cr2l,1477982659,104.04967,30.70602
9j22fi9gb62rB4luAgce49ahegf_qBbg,gg0a3dda5a.xu.qBA46365of9i12Cr2l,1477982662,104.04978,30.70576
9j22fi9gb62rB4luAgce49ahegf_qBbg,gg0a3dda5a.xu.qBA46365of9i12Cr2l,1477982665,104.04976,30.70558
9j22fi9gb62rB4luAgce49ahegf_qBbg,gg0a3dda5a.xu.qBA46365of9i12Cr2l,1477982668,104.04974,30.70533
9j22fi9gb62rB4luAgce49ahegf_qBbg,gg0a3dda5a.xu.qBA46365of9i12Cr2l,1477982671,104.04972,30.70507
9j22fi9gb62rB4luAgce49ahegf_qBbg,gg0a3dda5a.xu.qBA46365of9i12Cr2l,1477982674,104.0497,30.7048
9j22fi9gb62rB4luAgce49ahegf_qBbg,gg0a3dda5a.xu.qBA46365of9i12Cr2l,1477982677,104.04968,30.70451
9j22fi9gb62rB4luAgce49ahegf_qBbg,gg0a3dda5a.xu.qBA46365of9i12Cr2l,1477982680,104.04967,30.70434
9j22fi9gb62rB4luAgce49ahegf_qBbg,gg0a3dda5a.xu.qBA46365of9i12Cr2l,1477982684,104.04965,30.70404
9j22fi9gb62rB4luAgce49ahegf_qBbg,gg0a3dda5a.xu.qBA46365of9i12Cr2l,1477982686,104.04962,30.70367
9j22fi9gb62rB4luAgce49ahegf_qBbg,gg0a3dda5a.xu.qBA46365of9i12Cr2l,1477982690,104.04959,30.70334
9j22fi9gb62rB4luAgce49ahegf_qBbg,gg0a3dda5a.xu.qBA46365of9i12Cr2l,1477982692,104.0496,30.70308
9j22fi9gb62rB4luAgce49ahegf_qBbg,gg0a3dda5a.xu.qBA46365of9i12Cr2l,1477982695,104.04967,30.70288
9j22fi9gb62rB4luAgce49ahegf_qBbg,gg0a3dda5a.xu.qBA46365of9i12Cr2l,1477982698,104.04984,30.70265
9j22fi9gb62rB4luAgce49ahegf_qBbg,gg0a3dda5a.xu.qBA46365of9i12Cr2l,1477982701,104.05006,30.70238
9j22fi9gb62rB4luAgce49ahegf_qBbg,gg0a3dda5a.xu.qBA46365of9i12Cr2l,1477982704,104.05026,30.70211
9j22fi9gb62rB4luAgce49ahegf_qBbg,gg0a3dda5a.xu.qBA46365of9i12Cr2l,1477982707,104.05041,30.70192
9j22fi9gb62rB4luAgce49ahegf_qBbg,gg0a3dda5a.xu.qBA46365of9i12Cr2l,1477982710,104.05054,30.70176
9j22fi9gb62rB4luAgce49ahegf_qBbg,gg0a3dda5a.xu.qBA46365of9i12Cr2l,1477982713,104.05058,30.70152
9j22fi9gb62rB4luAgce49ahegf_qBbg,gg0a3dda5a.xu.qBA46365of9i12Cr2l,1477982716,104.05044,30.70144
9j22fi9gb62rB4luAgce49ahegf_qBbg,gg0a3dda5a.xu.qBA46365of9i12Cr2l,1477982719,104.05021,30.70131
9j22fi9gb62rB4luAgce49ahegf_qBbg,gg0a3dda5a.xu.qBA46365of9i12Cr2l,1477982722,104.04996,30.70116
9j22fi9gb62rB4luAgce49ahegf_qBbg,gg0a3dda5a.xu.qBA46365of9i12Cr2l,1477982725,104.04967,30.701
9j22fi9gb62rB4luAgce49ahegf_qBbg,gg0a3dda5a.xu.qBA46365of9i12Cr2l,1477982728,104.04944,30.70086
9j22fi9gb62rB4luAgce49ahegf_qBbg,gg0a3dda5a.xu.qBA46365of9i12Cr2l,1477982731,104.04921,30.70072
9j22fi9gb62rB4luAgce49ahegf_qBbg,gg0a3dda5a.xu.qBA46365of9i12Cr2l,1477982734,104.04892,30.70056
9j22fi9gb62rB4luAgce49ahegf_qBbg,gg0a3dda5a.xu.qBA46365of9i12Cr2l,1477982737,104.04854,30.70034
9j22fi9gb62rB4luAgce49ahegf_qBbg,gg0a3dda5a.xu.qBA46365of9i12Cr2l,1477982740,104.04826,30.70017
9j22fi9gb62rB4luAgce49ahegf_qBbg,gg0a3dda5a.xu.qBA46365of9i12Cr2l,1477982743,104.04797,30.7
9j22fi9gb62rB4luAgce49ahegf_qBbg,gg0a3dda5a.xu.qBA46365of9i12Cr2l,1477982746,104.04782,30.69991
9j22fi9gb62rB4luAgce49ahegf_qBbg,gg0a3dda5a.xu.qBA46365of9i12Cr2l,1477982749,104.04759,30.69978
9j22fi9gb62rB4luAgce49ahegf_qBbg,gg0a3dda5a.xu.qBA46365of9i12Cr2l,1477982752,104.04746,30.6997
9j22fi9gb62rB4luAgce49ahegf_qBbg,gg0a3dda5a.xu.qBA46365of9i12Cr2l,1477982755,104.04724,30.69957
9j22fi9gb62rB4luAgce49ahegf_qBbg,gg0a3dda5a.xu.qBA46365of9i12Cr2l,1477982758,104.04704,30.69944
9j22fi9gb62rB4luAgce49ahegf_qBbg,gg0a3dda5a.xu.qBA46365of9i12Cr2l,1477982761,104.04695,30.69939
9j22fi9gb62rB4luAgce49ahegf_qBbg,gg0a3dda5a.xu.qBA46365of9i12Cr2l,1477982764,104.04689,30.69935
9j22fi9gb62rB4luAgce49ahegf_qBbg,gg0a3dda5a.xu.qBA46365of9i12Cr2l,1477982767,104.04689,30.69935
9j22fi9gb62rB4luAgce49ahegf_qBbg,gg0a3dda5a.xu.qBA46365of9i12Cr2l,1477982770,104.04689,30.69935
9j22fi9gb62rB4luAgce49ahegf_qBbg,gg0a3dda5a.xu.qBA46365of9i12Cr2l,1477982773,104.04689,30.69935
9j22fi9gb62rB4luAgce49ahegf_qBbg,gg0a3dda5a.xu.qBA46365of9i12Cr2l,1477982776,104.04689,30.69935
9j22fi9gb62rB4luAgce49ahegf_qBbg,gg0a3dda5a.xu.qBA46365of9i12Cr2l,1477982779,104.04689,30.69935
9j22fi9gb62rB4luAgce49ahegf_qBbg,gg0a3dda5a.xu.qBA46365of9i12Cr2l,1477982782,104.04689,30.69935
9j22fi9gb62rB4luAgce49ahegf_qBbg,gg0a3dda5a.xu.qBA46365of9i12Cr2l,1477982785,104.04689,30.69935
9j22fi9gb62rB4luAgce49ahegf_qBbg,gg0a3dda5a.xu.qBA46365of9i12Cr2l,1477982788,104.04689,30.69935
9j22fi9gb62rB4luAgce49ahegf_qBbg,gg0a3dda5a.xu.qBA46365of9i12Cr2l,1477982791,104.04689,30.69935
9j22fi9gb62rB4luAgce49ahegf_qBbg,gg0a3dda5a.xu.qBA46365of9i12Cr2l,1477982794,104.04689,30.69935
9j22fi9gb62rB4luAgce49ahegf_qBbg,gg0a3dda5a.xu.qBA46365of9i12Cr2l,1477982797,104.04689,30.69935
9j22fi9gb62rB4luAgce49ahegf_qBbg,gg0a3dda5a.xu.qBA46365of9i12Cr2l,1477982800,104.04689,30.69935
9j22fi9gb62rB4luAgce49ahegf_qBbg,gg0a3dda5a.xu.qBA46365of9i12Cr2l,1477982803,104.04689,30.69935
9j22fi9gb62rB4luAgce49ahegf_qBbg,gg0a3dda5a.xu.qBA46365of9i12Cr2l,1477982806,104.04689,30.69935
9j22fi9gb62rB4luAgce49ahegf_qBbg,gg0a3dda5a.xu.qBA46365of9i12Cr2l,1477982809,104.04689,30.69935
9j22fi9gb62rB4luAgce49ahegf_qBbg,gg0a3dda5a.xu.qBA46365of9i12Cr2l,1477982812,104.04689,30.69935
9j22fi9gb62rB4luAgce49ahegf_qBbg,gg0a3dda5a.xu.qBA46365of9i12Cr2l,1477982815,104.04689,30.69935
9j22fi9gb62rB4luAgce49ahegf_qBbg,gg0a3dda5a.xu.qBA46365of9i12Cr2l,1477982818,104.04689,30.69935
9j22fi9gb62rB4luAgce49ahegf_qBbg,gg0a3dda5a.xu.qBA46365of9i12Cr2l,1477982821,104.04689,30.69935
9j22fi9gb62rB4luAgce49ahegf_qBbg,gg0a3dda5a.xu.qBA46365of9i12Cr2l,1477982824,104.04689,30.69935
9j22fi9gb62rB4luAgce49ahegf_qBbg,gg0a3dda5a.xu.qBA46365of9i12Cr2l,1477982827,104.04689,30.69935
9j22fi9gb62rB4luAgce49ahegf_qBbg,gg0a3dda5a.xu.qBA46365of9i12Cr2l,1477982830,104.04689,30.69935
9j22fi9gb62rB4luAgce49ahegf_qBbg,gg0a3dda5a.xu.qBA46365of9i12Cr2l,1477982833,104.04689,30.69935
9j22fi9gb62rB4luAgce49ahegf_qBbg,gg0a3dda5a.xu.qBA46365of9i12Cr2l,1477982836,104.04689,30.69935
9j22fi9gb62rB4luAgce49ahegf_qBbg,gg0a3dda5a.xu.qBA46365of9i12Cr2l,1477982839,104.04689,30.69935
9j22fi9gb62rB4luAgce49ahegf_qBbg,gg0a3dda5a.xu.qBA46365of9i12Cr2l,1477982842,104.04689,30.69935
9j22fi9gb62rB4luAgce49ahegf_qBbg,gg0a3dda5a.xu.qBA46365of9i12Cr2l,1477982845,104.04689,30.69935
9j22fi9gb62rB4luAgce49ahegf_qBbg,gg0a3dda5a.xu.qBA46365of9i12Cr2l,1477982848,104.04689,30.69935
9j22fi9gb62rB4luAgce49ahegf_qBbg,gg0a3dda5a.xu.qBA46365of9i12Cr2l,1477982851,104.04689,30.69935
9j22fi9gb62rB4luAgce49ahegf_qBbg,gg0a3dda5a.xu.qBA46365of9i12Cr2l,1477982854,104.04689,30.69935
9j22fi9gb62rB4luAgce49ahegf_qBbg,gg0a3dda5a.xu.qBA46365of9i12Cr2l,1477982857,104.04689,30.69935
9j22fi9gb62rB4luAgce49ahegf_qBbg,gg0a3dda5a.xu.qBA46365of9i12Cr2l,1477982860,104.04689,30.69935
9j22fi9gb62rB4luAgce49ahegf_qBbg,gg0a3dda5a.xu.qBA46365of9i12Cr2l,1477982863,104.04689,30.69935
9j22fi9gb62rB4luAgce49ahegf_qBbg,gg0a3dda5a.xu.qBA46365of9i12Cr2l,1477982866,104.04689,30.69935
9j22fi9gb62rB4luAgce49ahegf_qBbg,gg0a3dda5a.xu.qBA46365of9i12Cr2l,1477982869,104.04689,30.69935
9j22fi9gb62rB4luAgce49ahegf_qBbg,gg0a3dda5a.xu.qBA46365of9i12Cr2l,1477982872,104.04689,30.69935
9j22fi9gb62rB4luAgce49ahegf_qBbg,gg0a3dda5a.xu.qBA46365of9i12Cr2l,1477982875,104.04689,30.69935
9j22fi9gb62rB4luAgce49ahegf_qBbg,gg0a3dda5a.xu.qBA46365of9i12Cr2l,1477982878,104.04689,30.69935
9j22fi9gb62rB4luAgce49ahegf_qBbg,gg0a3dda5a.xu.qBA46365of9i12Cr2l,1477982881,104.04689,30.69935
9j22fi9gb62rB4luAgce49ahegf_qBbg,gg0a3dda5a.xu.qBA46365of9i12Cr2l,1477982884,104.04689,30.69935
9j22fi9gb62rB4luAgce49ahegf_qBbg,gg0a3dda5a.xu.qBA46365of9i12Cr2l,1477982887,104.04681,30.6993
9j22fi9gb62rB4luAgce49ahegf_qBbg,gg0a3dda5a.xu.qBA46365of9i12Cr2l,1477982890,104.04671,30.69924
9j22fi9gb62rB4luAgce49ahegf_qBbg,gg0a3dda5a.xu.qBA46365of9i12Cr2l,1477982893,104.0465,30.69916
9j22fi9gb62rB4luAgce49ahegf_qBbg,gg0a3dda5a.xu.qBA46365of9i12Cr2l,1477982897,104.04617,30.69899
9j22fi9gb62rB4luAgce49ahegf_qBbg,gg0a3dda5a.xu.qBA46365of9i12Cr2l,1477982899,104.04587,30.69882
9j22fi9gb62rB4luAgce49ahegf_qBbg,gg0a3dda5a.xu.qBA46365of9i12Cr2l,1477982902,104.04558,30.69866
9j22fi9gb62rB4luAgce49ahegf_qBbg,gg0a3dda5a.xu.qBA46365of9i12Cr2l,1477982905,104.04528,30.69849
9j22fi9gb62rB4luAgce49ahegf_qBbg,gg0a3dda5a.xu.qBA46365of9i12Cr2l,1477982909,104.04498,30.69832
9j22fi9gb62rB4luAgce49ahegf_qBbg,gg0a3dda5a.xu.qBA46365of9i12Cr2l,1477982911,104.04476,30.69819
9j22fi9gb62rB4luAgce49ahegf_qBbg,gg0a3dda5a.xu.qBA46365of9i12Cr2l,1477982914,104.04462,30.69811
9j22fi9gb62rB4luAgce49ahegf_qBbg,gg0a3dda5a.xu.qBA46365of9i12Cr2l,1477982917,104.04457,30.69808
9j22fi9gb62rB4luAgce49ahegf_qBbg,gg0a3dda5a.xu.qBA46365of9i12Cr2l,1477982921,104.04457,30.69808
9j22fi9gb62rB4luAgce49ahegf_qBbg,gg0a3dda5a.xu.qBA46365of9i12Cr2l,1477982924,104.04457,30.69808
9j22fi9gb62rB4luAgce49ahegf_qBbg,gg0a3dda5a.xu.qBA46365of9i12Cr2l,1477982926,104.04457,30.69808
9j22fi9gb62rB4luAgce49ahegf_qBbg,gg0a3dda5a.xu.qBA46365of9i12Cr2l,1477982930,104.04457,30.69808
9j22fi9gb62rB4luAgce49ahegf_qBbg,gg0a3dda5a.xu.qBA46365of9i12Cr2l,1477982932,104.04457,30.69808
9j22fi9gb62rB4luAgce49ahegf_qBbg,gg0a3dda5a.xu.qBA46365of9i12Cr2l,1477982935,104.04455,30.69806
9j22fi9gb62rB4luAgce49ahegf_qBbg,gg0a3dda5a.xu.qBA46365of9i12Cr2l,1477982938,104.04441,30.69788
9j22fi9gb62rB4luAgce49ahegf_qBbg,gg0a3dda5a.xu.qBA46365of9i12Cr2l,1477982942,104.04442,30.69788
9j22fi9gb62rB4luAgce49ahegf_qBbg,gg0a3dda5a.xu.qBA46365of9i12Cr2l,1477982946,104.04443,30.69784
9j22fi9gb62rB4luAgce49ahegf_qBbg,gg0a3dda5a.xu.qBA46365of9i12Cr2l,1477982947,104.04448,30.69775
9j22fi9gb62rB4luAgce49ahegf_qBbg,gg0a3dda5a.xu.qBA46365of9i12Cr2l,1477982951,104.04452,30.69767
9j22fi9gb62rB4luAgce49ahegf_qBbg,gg0a3dda5a.xu.qBA46365of9i12Cr2l,1477982953,104.04456,30.69756
9j22fi9gb62rB4luAgce49ahegf_qBbg,gg0a3dda5a.xu.qBA46365of9i12Cr2l,1477982957,104.0446,30.69744
9j22fi9gb62rB4luAgce49ahegf_qBbg,gg0a3dda5a.xu.qBA46365of9i12Cr2l,1477982960,104.04462,30.69735
9j22fi9gb62rB4luAgce49ahegf_qBbg,gg0a3dda5a.xu.qBA46365of9i12Cr2l,1477982963,104.04465,30.6972
9j22fi9gb62rB4luAgce49ahegf_qBbg,gg0a3dda5a.xu.qBA46365of9i12Cr2l,1477982966,104.04464,30.69701
9j22fi9gb62rB4luAgce49ahegf_qBbg,gg0a3dda5a.xu.qBA46365of9i12Cr2l,1477982969,104.04463,30.69684
9j22fi9gb62rB4luAgce49ahegf_qBbg,gg0a3dda5a.xu.qBA46365of9i12Cr2l,1477982972,104.04462,30.6968
9j22fi9gb62rB4luAgce49ahegf_qBbg,gg0a3dda5a.xu.qBA46365of9i12Cr2l,1477982974,104.0446,30.69669
9j22fi9gb62rB4luAgce49ahegf_qBbg,gg0a3dda5a.xu.qBA46365of9i12Cr2l,1477982978,104.04457,30.6966
9j22fi9gb62rB4luAgce49ahegf_qBbg,gg0a3dda5a.xu.qBA46365of9i12Cr2l,1477982981,104.04449,30.69632
9j22fi9gb62rB4luAgce49ahegf_qBbg,gg0a3dda5a.xu.qBA46365of9i12Cr2l,1477982984,104.04441,30.69606
9j22fi9gb62rB4luAgce49ahegf_qBbg,gg0a3dda5a.xu.qBA46365of9i12Cr2l,1477982987,104.04433,30.69581
9j22fi9gb62rB4luAgce49ahegf_qBbg,gg0a3dda5a.xu.qBA46365of9i12Cr2l,1477982990,104.04431,30.69576
9j22fi9gb62rB4luAgce49ahegf_qBbg,gg0a3dda5a.xu.qBA46365of9i12Cr2l,1477982992,104.04425,30.69559
9j22fi9gb62rB4luAgce49ahegf_qBbg,gg0a3dda5a.xu.qBA46365of9i12Cr2l,1477982996,104.04422,30.69551
9j22fi9gb62rB4luAgce49ahegf_qBbg,gg0a3dda5a.xu.qBA46365of9i12Cr2l,1477982998,104.04415,30.69529
9j22fi9gb62rB4luAgce49ahegf_qBbg,gg0a3dda5a.xu.qBA46365of9i12Cr2l,1477983002,104.04413,30.69522
9j22fi9gb62rB4luAgce49ahegf_qBbg,gg0a3dda5a.xu.qBA46365of9i12Cr2l,1477983005,104.04408,30.69504
9j22fi9gb62rB4luAgce49ahegf_qBbg,gg0a3dda5a.xu.qBA46365of9i12Cr2l,1477983008,104.04402,30.69484
9j22fi9gb62rB4luAgce49ahegf_qBbg,gg0a3dda5a.xu.qBA46365of9i12Cr2l,1477983010,104.04395,30.69462
9j22fi9gb62rB4luAgce49ahegf_qBbg,gg0a3dda5a.xu.qBA46365of9i12Cr2l,1477983013,104.04392,30.69447
9j22fi9gb62rB4luAgce49ahegf_qBbg,gg0a3dda5a.xu.qBA46365of9i12Cr2l,1477983017,104.0439,30.69434
9j22fi9gb62rB4luAgce49ahegf_qBbg,gg0a3dda5a.xu.qBA46365of9i12Cr2l,1477983019,104.0439,30.69422
9j22fi9gb62rB4luAgce49ahegf_qBbg,gg0a3dda5a.xu.qBA46365of9i12Cr2l,1477983023,104.04391,30.69406
9j22fi9gb62rB4luAgce49ahegf_qBbg,gg0a3dda5a.xu.qBA46365of9i12Cr2l,1477983025,104.04394,30.69393
9j22fi9gb62rB4luAgce49ahegf_qBbg,gg0a3dda5a.xu.qBA46365of9i12Cr2l,1477983029,104.04397,30.69385
9j22fi9gb62rB4luAgce49ahegf_qBbg,gg0a3dda5a.xu.qBA46365of9i12Cr2l,1477983031,104.04401,30.69377
9j22fi9gb62rB4luAgce49ahegf_qBbg,gg0a3dda5a.xu.qBA46365of9i12Cr2l,1477983035,104.04395,30.69355
9j22fi9gb62rB4luAgce49ahegf_qBbg,gg0a3dda5a.xu.qBA46365of9i12Cr2l,1477983038,104.04379,30.69347
9j22fi9gb62rB4luAgce49ahegf_qBbg,gg0a3dda5a.xu.qBA46365of9i12Cr2l,1477983041,104.04358,30.69336
9j22fi9gb62rB4luAgce49ahegf_qBbg,gg0a3dda5a.xu.qBA46365of9i12Cr2l,1477983044,104.04341,30.69327
9j22fi9gb62rB4luAgce49ahegf_qBbg,gg0a3dda5a.xu.qBA46365of9i12Cr2l,1477983047,104.04329,30.6932
9j22fi9gb62rB4luAgce49ahegf_qBbg,gg0a3dda5a.xu.qBA46365of9i12Cr2l,1477983050,104.04313,30.69311
9j22fi9gb62rB4luAgce49ahegf_qBbg,gg0a3dda5a.xu.qBA46365of9i12Cr2l,1477983053,104.04297,30.69301
9j22fi9gb62rB4luAgce49ahegf_qBbg,gg0a3dda5a.xu.qBA46365of9i12Cr2l,1477983056,104.04279,30.69288
9j22fi9gb62rB4luAgce49ahegf_qBbg,4da2cfjf443wB5eDp6b34honega1xx6n,1477969201,104.07611,30.72309
9j22fi9gb62rB4luAgce49ahegf_qBbg,4da2cfjf443wB5eDp6b34honega1xx6n,1477969204,104.07649,30.72302
9j22fi9gb62rB4luAgce49ahegf_qBbg,4da2cfjf443wB5eDp6b34honega1xx6n,1477969207,104.0769,30.72291
9j22fi9gb62rB4luAgce49ahegf_qBbg,4da2cfjf443wB5eDp6b34honega1xx6n,1477969210,104.0774,30.72278
9j22fi9gb62rB4luAgce49ahegf_qBbg,4da2cfjf443wB5eDp6b34honega1xx6n,1477969213,104.07779,30.72268
9j22fi9gb62rB4luAgce49ahegf_qBbg,4da2cfjf443wB5eDp6b34honega1xx6n,1477969216,104.07819,30.72259
9j22fi9gb62rB4luAgce49ahegf_qBbg,4da2cfjf443wB5eDp6b34honega1xx6n,1477969219,104.07848,30.72252
9j22fi9gb62rB4luAgce49ahegf_qBbg,4da2cfjf443wB5eDp6b34honega1xx6n,1477969225,104.07929,30.72236
9j22fi9gb62rB4luAgce49ahegf_qBbg,4da2cfjf443wB5eDp6b34honega1xx6n,1477969228,104.07968,30.72227
9j22fi9gb62rB4luAgce49ahegf_qBbg,4da2cfjf443wB5eDp6b34honega1xx6n,1477969234,104.08053,30.72204
9j22fi9gb62rB4luAgce49ahegf_qBbg,4da2cfjf443wB5eDp6b34honega1xx6n,1477969237,104.08107,30.72189
9j22fi9gb62rB4luAgce49ahegf_qBbg,4da2cfjf443wB5eDp6b34honega1xx6n,1477969240,104.08155,30.72176
9j22fi9gb62rB4luAgce49ahegf_qBbg,4da2cfjf443wB5eDp6b34honega1xx6n,1477969243,104.0822,30.72159
9j22fi9gb62rB4luAgce49ahegf_qBbg,4da2cfjf443wB5eDp6b34honega1xx6n,1477969246,104.08269,30.72146
9j22fi9gb62rB4luAgce49ahegf_qBbg,4da2cfjf443wB5eDp6b34honega1xx6n,1477969249,104.08317,30.72134
9j22fi9gb62rB4luAgce49ahegf_qBbg,4da2cfjf443wB5eDp6b34honega1xx6n,1477969252,104.08348,30.72125
9j22fi9gb62rB4luAgce49ahegf_qBbg,4da2cfjf443wB5eDp6b34honega1xx6n,1477969255,104.08396,30.72113
9j22fi9gb62rB4luAgce49ahegf_qBbg,4da2cfjf443wB5eDp6b34honega1xx6n,1477969258,104.08443,30.721
9j22fi9gb62rB4luAgce49ahegf_qBbg,4da2cfjf443wB5eDp6b34honega1xx6n,1477969261,104.08488,30.72088
9j22fi9gb62rB4luAgce49ahegf_qBbg,4da2cfjf443wB5eDp6b34honega1xx6n,1477969264,104.08537,30.72076
9j22fi9gb62rB4luAgce49ahegf_qBbg,4da2cfjf443wB5eDp6b34honega1xx6n,1477969267,104.08586,30.72062
9j22fi9gb62rB4luAgce49ahegf_qBbg,4da2cfjf443wB5eDp6b34honega1xx6n,1477969270,104.08637,30.72049
9j22fi9gb62rB4luAgce49ahegf_qBbg,4da2cfjf443wB5eDp6b34honega1xx6n,1477969273,104.08687,30.72035
9j22fi9gb62rB4luAgce49ahegf_qBbg,4da2cfjf443wB5eDp6b34honega1xx6n,1477969276,104.08752,30.72018
9j22fi9gb62rB4luAgce49ahegf_qBbg,4da2cfjf443wB5eDp6b34honega1xx6n,1477969279,104.08802,30.72
9j22fi9gb62rB4luAgce49ahegf_qBbg,4da2cfjf443wB5eDp6b34honega1xx6n,1477969282,104.08853,30.71978
9j22fi9gb62rB4luAgce49ahegf_qBbg,4da2cfjf443wB5eDp6b34honega1xx6n,1477969285,104.08906,30.71965
9j22fi9gb62rB4luAgce49ahegf_qBbg,4da2cfjf443wB5eDp6b34honega1xx6n,1477969288,104.08944,30.71957
9j22fi9gb62rB4luAgce49ahegf_qBbg,4da2cfjf443wB5eDp6b34honega1xx6n,1477969291,104.08996,30.71947
9j22fi9gb62rB4luAgce49ahegf_qBbg,4da2cfjf443wB5eDp6b34honega1xx6n,1477969294,104.09049,30.7194
9j22fi9gb62rB4luAgce49ahegf_qBbg,4da2cfjf443wB5eDp6b34honega1xx6n,1477969297,104.09101,30.71932
9j22fi9gb62rB4luAgce49ahegf_qBbg,4da2cfjf443wB5eDp6b34honega1xx6n,1477969300,104.09155,30.71925
9j22fi9gb62rB4luAgce49ahegf_qBbg,4da2cfjf443wB5eDp6b34honega1xx6n,1477969303,104.09211,30.7192
9j22fi9gb62rB4luAgce49ahegf_qBbg,4da2cfjf443wB5eDp6b34honega1xx6n,1477969306,104.09287,30.71913
9j22fi9gb62rB4luAgce49ahegf_qBbg,4da2cfjf443wB5eDp6b34honega1xx6n,1477969309,104.0934,30.7191
9j22fi9gb62rB4luAgce49ahegf_qBbg,4da2cfjf443wB5eDp6b34honega1xx6n,1477969312,104.09389,30.71909
9j22fi9gb62rB4luAgce49ahegf_qBbg,4da2cfjf443wB5eDp6b34honega1xx6n,1477969315,104.09439,30.71907
9j22fi9gb62rB4luAgce49ahegf_qBbg,4da2cfjf443wB5eDp6b34honega1xx6n,1477969318,104.09485,30.71905
9j22fi9gb62rB4luAgce49ahegf_qBbg,4da2cfjf443wB5eDp6b34honega1xx6n,1477969321,104.09513,30.71904
9j22fi9gb62rB4luAgce49ahegf_qBbg,4da2cfjf443wB5eDp6b34honega1xx6n,1477969324,104.09552,30.71902
9j22fi9gb62rB4luAgce49ahegf_qBbg,4da2cfjf443wB5eDp6b34honega1xx6n,1477969327,104.09585,30.719
9j22fi9gb62rB4luAgce49ahegf_qBbg,4da2cfjf443wB5eDp6b34honega1xx6n,1477969331,104.0962,30.71898
9j22fi9gb62rB4luAgce49ahegf_qBbg,4da2cfjf443wB5eDp6b34honega1xx6n,1477969333,104.09661,30.71896
9j22fi9gb62rB4luAgce49ahegf_qBbg,4da2cfjf443wB5eDp6b34honega1xx6n,1477969336,104.09704,30.71895
9j22fi9gb62rB4luAgce49ahegf_qBbg,4da2cfjf443wB5eDp6b34honega1xx6n,1477969341,104.09763,30.71893
9j22fi9gb62rB4luAgce49ahegf_qBbg,4da2cfjf443wB5eDp6b34honega1xx6n,1477969345,104.09837,30.7189
9j22fi9gb62rB4luAgce49ahegf_qBbg,4da2cfjf443wB5eDp6b34honega1xx6n,1477969348,104.09873,30.71888
9j22fi9gb62rB4luAgce49ahegf_qBbg,4da2cfjf443wB5eDp6b34honega1xx6n,1477969351,104.09893,30.71887
9j22fi9gb62rB4luAgce49ahegf_qBbg,4da2cfjf443wB5eDp6b34honega1xx6n,1477969354,104.09925,30.71885
9j22fi9gb62rB4luAgce49ahegf_qBbg,4da2cfjf443wB5eDp6b34honega1xx6n,1477969357,104.09962,30.71884
9j22fi9gb62rB4luAgce49ahegf_qBbg,4da2cfjf443wB5eDp6b34honega1xx6n,1477969360,104.09999,30.71882
9j22fi9gb62rB4luAgce49ahegf_qBbg,4da2cfjf443wB5eDp6b34honega1xx6n,1477969363,104.10034,30.7188
9j22fi9gb62rB4luAgce49ahegf_qBbg,4da2cfjf443wB5eDp6b34honega1xx6n,1477969366,104.10066,30.7188
9j22fi9gb62rB4luAgce49ahegf_qBbg,4da2cfjf443wB5eDp6b34honega1xx6n,1477969369,104.10077,30.71877
9j22fi9gb62rB4luAgce49ahegf_qBbg,4da2cfjf443wB5eDp6b34honega1xx6n,1477969372,104.10077,30.71866
9j22fi9gb62rB4luAgce49ahegf_qBbg,4da2cfjf443wB5eDp6b34honega1xx6n,1477969375,104.10075,30.71844
9j22fi9gb62rB4luAgce49ahegf_qBbg,4da2cfjf443wB5eDp6b34honega1xx6n,1477969378,104.10073,30.71829
9j22fi9gb62rB4luAgce49ahegf_qBbg,4da2cfjf443wB5eDp6b34honega1xx6n,1477969381,104.10068,30.71796
9j22fi9gb62rB4luAgce49ahegf_qBbg,4da2cfjf443wB5eDp6b34honega1xx6n,1477969384,104.10066,30.71783
9j22fi9gb62rB4luAgce49ahegf_qBbg,4da2cfjf443wB5eDp6b34honega1xx6n,1477969387,104.1006,30.71763
9j22fi9gb62rB4luAgce49ahegf_qBbg,4da2cfjf443wB5eDp6b34honega1xx6n,1477969390,104.10055,30.71744
9j22fi9gb62rB4luAgce49ahegf_qBbg,4da2cfjf443wB5eDp6b34honega1xx6n,1477969393,104.10055,30.71729
9j22fi9gb62rB4luAgce49ahegf_qBbg,4da2cfjf443wB5eDp6b34honega1xx6n,1477969396,104.10056,30.71724
9j22fi9gb62rB4luAgce49ahegf_qBbg,4da2cfjf443wB5eDp6b34honega1xx6n,1477969399,104.1008,30.71721
9j22fi9gb62rB4luAgce49ahegf_qBbg,4da2cfjf443wB5eDp6b34honega1xx6n,1477969402,104.10121,30.71709
9j22fi9gb62rB4luAgce49ahegf_qBbg,4da2cfjf443wB5eDp6b34honega1xx6n,1477969405,104.10157,30.71697
9j22fi9gb62rB4luAgce49ahegf_qBbg,4da2cfjf443wB5eDp6b34honega1xx6n,1477969408,104.10192,30.71685
9j22fi9gb62rB4luAgce49ahegf_qBbg,4da2cfjf443wB5eDp6b34honega1xx6n,1477969411,104.1022,30.71675
9j22fi9gb62rB4luAgce49ahegf_qBbg,4da2cfjf443wB5eDp6b34honega1xx6n,1477969414,104.10249,30.71668
9j22fi9gb62rB4luAgce49ahegf_qBbg,4da2cfjf443wB5eDp6b34honega1xx6n,1477969417,104.10267,30.71667
9j22fi9gb62rB4luAgce49ahegf_qBbg,4da2cfjf443wB5eDp6b34honega1xx6n,1477969420,104.10294,30.71671
9j22fi9gb62rB4luAgce49ahegf_qBbg,4da2cfjf443wB5eDp6b34honega1xx6n,1477969430,104.10359,30.71673
9j22fi9gb62rB4luAgce49ahegf_qBbg,4da2cfjf443wB5eDp6b34honega1xx6n,1477969432,104.10381,30.71667
9j22fi9gb62rB4luAgce49ahegf_qBbg,4da2cfjf443wB5eDp6b34honega1xx6n,1477969435,104.10403,30.71659
9j22fi9gb62rB4luAgce49ahegf_qBbg,4da2cfjf443wB5eDp6b34honega1xx6n,1477969438,104.10415,30.71655
9j22fi9gb62rB4luAgce49ahegf_qBbg,4da2cfjf443wB5eDp6b34honega1xx6n,1477969441,104.10422,30.71638
9j22fi9gb62rB4luAgce49ahegf_qBbg,4da2cfjf443wB5eDp6b34honega1xx6n,1477969444,104.10413,30.71615
9j22fi9gb62rB4luAgce49ahegf_qBbg,4da2cfjf443wB5eDp6b34honega1xx6n,1477969447,104.10405,30.71596
9j22fi9gb62rB4luAgce49ahegf_qBbg,4da2cfjf443wB5eDp6b34honega1xx6n,1477969450,104.10398,30.71578
9j22fi9gb62rB4luAgce49ahegf_qBbg,4da2cfjf443wB5eDp6b34honega1xx6n,1477969453,104.10386,30.7155
9j22fi9gb62rB4luAgce49ahegf_qBbg,4da2cfjf443wB5eDp6b34honega1xx6n,1477969456,104.10374,30.7152
9j22fi9gb62rB4luAgce49ahegf_qBbg,4da2cfjf443wB5eDp6b34honega1xx6n,1477969459,104.10367,30.71486
9j22fi9gb62rB4luAgce49ahegf_qBbg,4da2cfjf443wB5eDp6b34honega1xx6n,1477969462,104.10359,30.71468
9j22fi9gb62rB4luAgce49ahegf_qBbg,4da2cfjf443wB5eDp6b34honega1xx6n,1477969465,104.10354,30.71458
9j22fi9gb62rB4luAgce49ahegf_qBbg,4da2cfjf443wB5eDp6b34honega1xx6n,1477969468,104.10354,30.71457
9j22fi9gb62rB4luAgce49ahegf_qBbg,4da2cfjf443wB5eDp6b34honega1xx6n,1477969471,104.10353,30.71454
9j22fi9gb62rB4luAgce49ahegf_qBbg,4da2cfjf443wB5eDp6b34honega1xx6n,1477969474,104.10352,30.71453
9j22fi9gb62rB4luAgce49ahegf_qBbg,4da2cfjf443wB5eDp6b34honega1xx6n,1477969477,104.10352,30.71453
9j22fi9gb62rB4luAgce49ahegf_qBbg,4da2cfjf443wB5eDp6b34honega1xx6n,1477969480,104.10352,30.71453
9j22fi9gb62rB4luAgce49ahegf_qBbg,4da2cfjf443wB5eDp6b34honega1xx6n,1477969483,104.10352,30.71453
9j22fi9gb62rB4luAgce49ahegf_qBbg,4da2cfjf443wB5eDp6b34honega1xx6n,1477969486,104.10352,30.71453
9j22fi9gb62rB4luAgce49ahegf_qBbg,4da2cfjf443wB5eDp6b34honega1xx6n,1477969489,104.10352,30.71453
9j22fi9gb62rB4luAgce49ahegf_qBbg,4da2cfjf443wB5eDp6b34honega1xx6n,1477969492,104.10352,30.71453
9j22fi9gb62rB4luAgce49ahegf_qBbg,4da2cfjf443wB5eDp6b34honega1xx6n,1477969495,104.10352,30.71453
9j22fi9gb62rB4luAgce49ahegf_qBbg,4da2cfjf443wB5eDp6b34honega1xx6n,1477969498,104.10352,30.71453
9j22fi9gb62rB4luAgce49ahegf_qBbg,4da2cfjf443wB5eDp6b34honega1xx6n,1477969501,104.10352,30.71453
9j22fi9gb62rB4luAgce49ahegf_qBbg,4da2cfjf443wB5eDp6b34honega1xx6n,1477969504,104.10352,30.71453
9j22fi9gb62rB4luAgce49ahegf_qBbg,4da2cfjf443wB5eDp6b34honega1xx6n,1477969507,104.10352,30.71453
9j22fi9gb62rB4luAgce49ahegf_qBbg,4da2cfjf443wB5eDp6b34honega1xx6n,1477969510,104.10352,30.71453
9j22fi9gb62rB4luAgce49ahegf_qBbg,4da2cfjf443wB5eDp6b34honega1xx6n,1477969513,104.10352,30.71453
9j22fi9gb62rB4luAgce49ahegf_qBbg,4da2cfjf443wB5eDp6b34honega1xx6n,1477969516,104.10352,30.71453
9j22fi9gb62rB4luAgce49ahegf_qBbg,4da2cfjf443wB5eDp6b34honega1xx6n,1477969519,104.10352,30.71452
9j22fi9gb62rB4luAgce49ahegf_qBbg,4da2cfjf443wB5eDp6b34honega1xx6n,1477969522,104.10348,30.71444
9j22fi9gb62rB4luAgce49ahegf_qBbg,4da2cfjf443wB5eDp6b34honega1xx6n,1477969525,104.10343,30.71433
9j22fi9gb62rB4luAgce49ahegf_qBbg,4da2cfjf443wB5eDp6b34honega1xx6n,1477969528,104.10337,30.71421
9j22fi9gb62rB4luAgce49ahegf_qBbg,4da2cfjf443wB5eDp6b34honega1xx6n,1477969531,104.10329,30.71403
9j22fi9gb62rB4luAgce49ahegf_qBbg,4da2cfjf443wB5eDp6b34honega1xx6n,1477969534,104.10323,30.7139
9j22fi9gb62rB4luAgce49ahegf_qBbg,4da2cfjf443wB5eDp6b34honega1xx6n,1477969537,104.10312,30.71364
9j22fi9gb62rB4luAgce49ahegf_qBbg,4da2cfjf443wB5eDp6b34honega1xx6n,1477969540,104.10301,30.7134
9j22fi9gb62rB4luAgce49ahegf_qBbg,4da2cfjf443wB5eDp6b34honega1xx6n,1477969543,104.10286,30.71308
9j22fi9gb62rB4luAgce49ahegf_qBbg,4da2cfjf443wB5eDp6b34honega1xx6n,1477969546,104.10274,30.71281
9j22fi9gb62rB4luAgce49ahegf_qBbg,4da2cfjf443wB5eDp6b34honega1xx6n,1477969549,104.10265,30.71262
9j22fi9gb62rB4luAgce49ahegf_qBbg,4da2cfjf443wB5eDp6b34honega1xx6n,1477969552,104.10255,30.71239
9j22fi9gb62rB4luAgce49ahegf_qBbg,4da2cfjf443wB5eDp6b34honega1xx6n,1477969555,104.10245,30.7122
9j22fi9gb62rB4luAgce49ahegf_qBbg,4da2cfjf443wB5eDp6b34honega1xx6n,1477969558,104.10231,30.71192
9j22fi9gb62rB4luAgce49ahegf_qBbg,4da2cfjf443wB5eDp6b34honega1xx6n,1477969561,104.10216,30.71163
9j22fi9gb62rB4luAgce49ahegf_qBbg,4da2cfjf443wB5eDp6b34honega1xx6n,1477969564,104.10197,30.71126
9j22fi9gb62rB4luAgce49ahegf_qBbg,4da2cfjf443wB5eDp6b34honega1xx6n,1477969567,104.10181,30.711
9j22fi9gb62rB4luAgce49ahegf_qBbg,4da2cfjf443wB5eDp6b34honega1xx6n,1477969570,104.10163,30.71071
9j22fi9gb62rB4luAgce49ahegf_qBbg,4da2cfjf443wB5eDp6b34honega1xx6n,1477969573,104.10148,30.71043
9j22fi9gb62rB4luAgce49ahegf_qBbg,4da2cfjf443wB5eDp6b34honega1xx6n,1477969576,104.10133,30.71018
9j22fi9gb62rB4luAgce49ahegf_qBbg,4da2cfjf443wB5eDp6b34honega1xx6n,1477969579,104.10115,30.70989
9j22fi9gb62rB4luAgce49ahegf_qBbg,4da2cfjf443wB5eDp6b34honega1xx6n,1477969582,104.10099,30.70961
9j22fi9gb62rB4luAgce49ahegf_qBbg,4da2cfjf443wB5eDp6b34honega1xx6n,1477969588,104.10054,30.70903
9j22fi9gb62rB4luAgce49ahegf_qBbg,4da2cfjf443wB5eDp6b34honega1xx6n,1477969591,104.10039,30.70881
9j22fi9gb62rB4luAgce49ahegf_qBbg,4da2cfjf443wB5eDp6b34honega1xx6n,1477969595,104.1002,30.70851
9j22fi9gb62rB4luAgce49ahegf_qBbg,4da2cfjf443wB5eDp6b34honega1xx6n,1477969597,104.10001,30.70822
9j22fi9gb62rB4luAgce49ahegf_qBbg,4da2cfjf443wB5eDp6b34honega1xx6n,1477969600,104.09997,30.70816
9j22fi9gb62rB4luAgce49ahegf_qBbg,4da2cfjf443wB5eDp6b34honega1xx6n,1477969603,104.09994,30.70811
9j22fi9gb62rB4luAgce49ahegf_qBbg,4da2cfjf443wB5eDp6b34honega1xx6n,1477969606,104.09994,30.70811
9j22fi9gb62rB4luAgce49ahegf_qBbg,4da2cfjf443wB5eDp6b34honega1xx6n,1477969609,104.09994,30.70811
9j22fi9gb62rB4luAgce49ahegf_qBbg,4da2cfjf443wB5eDp6b34honega1xx6n,1477969612,104.09994,30.70811
9j22fi9gb62rB4luAgce49ahegf_qBbg,4da2cfjf443wB5eDp6b34honega1xx6n,1477969618,104.09994,30.70811
9j22fi9gb62rB4luAgce49ahegf_qBbg,4da2cfjf443wB5eDp6b34honega1xx6n,1477969621,104.09994,30.70811
9j22fi9gb62rB4luAgce49ahegf_qBbg,4da2cfjf443wB5eDp6b34honega1xx6n,1477969624,104.09994,30.7081
9j22fi9gb62rB4luAgce49ahegf_qBbg,4da2cfjf443wB5eDp6b34honega1xx6n,1477969627,104.09994,30.7081
9j22fi9gb62rB4luAgce49ahegf_qBbg,4da2cfjf443wB5eDp6b34honega1xx6n,1477969630,104.09993,30.7081
9j22fi9gb62rB4luAgce49ahegf_qBbg,4da2cfjf443wB5eDp6b34honega1xx6n,1477969633,104.09993,30.7081
9j22fi9gb62rB4luAgce49ahegf_qBbg,4da2cfjf443wB5eDp6b34honega1xx6n,1477969636,104.09993,30.7081
9j22fi9gb62rB4luAgce49ahegf_qBbg,4da2cfjf443wB5eDp6b34honega1xx6n,1477969642,104.09993,30.7081
9j22fi9gb62rB4luAgce49ahegf_qBbg,4da2cfjf443wB5eDp6b34honega1xx6n,1477969645,104.09993,30.7081
9j22fi9gb62rB4luAgce49ahegf_qBbg,4da2cfjf443wB5eDp6b34honega1xx6n,1477969648,104.09993,30.7081
9j22fi9gb62rB4luAgce49ahegf_qBbg,4da2cfjf443wB5eDp6b34honega1xx6n,1477969651,104.09993,30.7081
9j22fi9gb62rB4luAgce49ahegf_qBbg,4da2cfjf443wB5eDp6b34honega1xx6n,1477969654,104.09993,30.7081
9j22fi9gb62rB4luAgce49ahegf_qBbg,4da2cfjf443wB5eDp6b34honega1xx6n,1477969658,104.09993,30.7081
9j22fi9gb62rB4luAgce49ahegf_qBbg,4da2cfjf443wB5eDp6b34honega1xx6n,1477969661,104.09993,30.7081
9j22fi9gb62rB4luAgce49ahegf_qBbg,4da2cfjf443wB5eDp6b34honega1xx6n,1477969663,104.09993,30.70809
9j22fi9gb62rB4luAgce49ahegf_qBbg,4da2cfjf443wB5eDp6b34honega1xx6n,1477969668,104.09993,30.70809
9j22fi9gb62rB4luAgce49ahegf_qBbg,4da2cfjf443wB5eDp6b34honega1xx6n,1477969670,104.0999,30.70804
9j22fi9gb62rB4luAgce49ahegf_qBbg,4da2cfjf443wB5eDp6b34honega1xx6n,1477969673,104.09984,30.70796
9j22fi9gb62rB4luAgce49ahegf_qBbg,4da2cfjf443wB5eDp6b34honega1xx6n,1477969675,104.09978,30.70786
9j22fi9gb62rB4luAgce49ahegf_qBbg,4da2cfjf443wB5eDp6b34honega1xx6n,1477969679,104.09974,30.7078
9j22fi9gb62rB4luAgce49ahegf_qBbg,4da2cfjf443wB5eDp6b34honega1xx6n,1477969686,104.09965,30.70765
9j22fi9gb62rB4luAgce49ahegf_qBbg,4da2cfjf443wB5eDp6b34honega1xx6n,1477969688,104.09982,30.7072
9j22fi9gb62rB4luAgce49ahegf_qBbg,4da2cfjf443wB5eDp6b34honega1xx6n,1477969691,104.10005,30.70709
9j22fi9gb62rB4luAgce49ahegf_qBbg,4da2cfjf443wB5eDp6b34honega1xx6n,1477969694,104.10027,30.70693
9j22fi9gb62rB4luAgce49ahegf_qBbg,4da2cfjf443wB5eDp6b34honega1xx6n,1477969697,104.10041,30.70671
9j22fi9gb62rB4luAgce49ahegf_qBbg,4da2cfjf443wB5eDp6b34honega1xx6n,1477969700,104.10055,30.7065
9j22fi9gb62rB4luAgce49ahegf_qBbg,4da2cfjf443wB5eDp6b34honega1xx6n,1477969702,104.10064,30.70634
9j22fi9gb62rB4luAgce49ahegf_qBbg,4da2cfjf443wB5eDp6b34honega1xx6n,1477969706,104.10083,30.70603
9j22fi9gb62rB4luAgce49ahegf_qBbg,4da2cfjf443wB5eDp6b34honega1xx6n,1477969711,104.10114,30.70549
9j22fi9gb62rB4luAgce49ahegf_qBbg,4da2cfjf443wB5eDp6b34honega1xx6n,1477969714,104.1013,30.70521
9j22fi9gb62rB4luAgce49ahegf_qBbg,4da2cfjf443wB5eDp6b34honega1xx6n,1477969717,104.10148,30.70491
9j22fi9gb62rB4luAgce49ahegf_qBbg,4da2cfjf443wB5eDp6b34honega1xx6n,1477969724,104.10179,30.70438
9j22fi9gb62rB4luAgce49ahegf_qBbg,4da2cfjf443wB5eDp6b34honega1xx6n,1477969727,104.10195,30.70411
9j22fi9gb62rB4luAgce49ahegf_qBbg,4da2cfjf443wB5eDp6b34honega1xx6n,1477969730,104.10205,30.70393
9j22fi9gb62rB4luAgce49ahegf_qBbg,4da2cfjf443wB5eDp6b34honega1xx6n,1477969733,104.1021,30.70385
9j22fi9gb62rB4luAgce49ahegf_qBbg,4da2cfjf443wB5eDp6b34honega1xx6n,1477969736,104.10212,30.70381
9j22fi9gb62rB4luAgce49ahegf_qBbg,4da2cfjf443wB5eDp6b34honega1xx6n,1477969739,104.10213,30.70379
9j22fi9gb62rB4luAgce49ahegf_qBbg,4da2cfjf443wB5eDp6b34honega1xx6n,1477969741,104.10213,30.70379
9j22fi9gb62rB4luAgce49ahegf_qBbg,4da2cfjf443wB5eDp6b34honega1xx6n,1477969745,104.10213,30.70379
9j22fi9gb62rB4luAgce49ahegf_qBbg,4da2cfjf443wB5eDp6b34honega1xx6n,1477969748,104.10213,30.70379
9j22fi9gb62rB4luAgce49ahegf_qBbg,4da2cfjf443wB5eDp6b34honega1xx6n,1477969751,104.10213,30.70379
9j22fi9gb62rB4luAgce49ahegf_qBbg,4da2cfjf443wB5eDp6b34honega1xx6n,1477969754,104.10213,30.70379
9j22fi9gb62rB4luAgce49ahegf_qBbg,4da2cfjf443wB5eDp6b34honega1xx6n,1477969757,104.10213,30.70379
9j22fi9gb62rB4luAgce49ahegf_qBbg,4da2cfjf443wB5eDp6b34honega1xx6n,1477969760,104.10213,30.70379
9j22fi9gb62rB4luAgce49ahegf_qBbg,4da2cfjf443wB5eDp6b34honega1xx6n,1477969763,104.10213,30.70379
9j22fi9gb62rB4luAgce49ahegf_qBbg,4da2cfjf443wB5eDp6b34honega1xx6n,1477969766,104.10213,30.70379
9j22fi9gb62rB4luAgce49ahegf_qBbg,4da2cfjf443wB5eDp6b34honega1xx6n,1477969769,104.10213,30.70379
9j22fi9gb62rB4luAgce49ahegf_qBbg,4da2cfjf443wB5eDp6b34honega1xx6n,1477969772,104.10221,30.70368
9j22fi9gb62rB4luAgce49ahegf_qBbg,4da2cfjf443wB5eDp6b34honega1xx6n,1477969775,104.1023,30.70354
9j22fi9gb62rB4luAgce49ahegf_qBbg,4da2cfjf443wB5eDp6b34honega1xx6n,1477969778,104.10244,30.70331
9j22fi9gb62rB4luAgce49ahegf_qBbg,4da2cfjf443wB5eDp6b34honega1xx6n,1477969781,104.10261,30.70304
9j22fi9gb62rB4luAgce49ahegf_qBbg,4da2cfjf443wB5eDp6b34honega1xx6n,1477969784,104.10272,30.70282
9j22fi9gb62rB4luAgce49ahegf_qBbg,4da2cfjf443wB5eDp6b34honega1xx6n,1477969787,104.10292,30.70245
9j22fi9gb62rB4luAgce49ahegf_qBbg,4da2cfjf443wB5eDp6b34honega1xx6n,1477969790,104.10305,30.70213
9j22fi9gb62rB4luAgce49ahegf_qBbg,4da2cfjf443wB5eDp6b34honega1xx6n,1477969793,104.10317,30.70183
9j22fi9gb62rB4luAgce49ahegf_qBbg,4da2cfjf443wB5eDp6b34honega1xx6n,1477969796,104.10334,30.7015
9j22fi9gb62rB4luAgce49ahegf_qBbg,4da2cfjf443wB5eDp6b34honega1xx6n,1477969802,104.10376,30.70084
9j22fi9gb62rB4luAgce49ahegf_qBbg,4da2cfjf443wB5eDp6b34honega1xx6n,1477969805,104.10398,30.70051
9j22fi9gb62rB4luAgce49ahegf_qBbg,4da2cfjf443wB5eDp6b34honega1xx6n,1477969808,104.10428,30.70021
9j22fi9gb62rB4luAgce49ahegf_qBbg,4da2cfjf443wB5eDp6b34honega1xx6n,1477969811,104.10448,30.69988
9j22fi9gb62rB4luAgce49ahegf_qBbg,4da2cfjf443wB5eDp6b34honega1xx6n,1477969814,104.1047,30.69953
9j22fi9gb62rB4luAgce49ahegf_qBbg,4da2cfjf443wB5eDp6b34honega1xx6n,1477969817,104.10485,30.69929
9j22fi9gb62rB4luAgce49ahegf_qBbg,4da2cfjf443wB5eDp6b34honega1xx6n,1477969820,104.10515,30.69882
9j22fi9gb62rB4luAgce49ahegf_qBbg,4da2cfjf443wB5eDp6b34honega1xx6n,1477969823,104.10538,30.69846
9j22fi9gb62rB4luAgce49ahegf_qBbg,4da2cfjf443wB5eDp6b34honega1xx6n,1477969826,104.1056,30.69811
9j22fi9gb62rB4luAgce49ahegf_qBbg,4da2cfjf443wB5eDp6b34honega1xx6n,1477969829,104.10582,30.69776
9j22fi9gb62rB4luAgce49ahegf_qBbg,4da2cfjf443wB5eDp6b34honega1xx6n,1477969832,104.10604,30.69741
9j22fi9gb62rB4luAgce49ahegf_qBbg,4da2cfjf443wB5eDp6b34honega1xx6n,1477969835,104.10626,30.69706
9j22fi9gb62rB4luAgce49ahegf_qBbg,4da2cfjf443wB5eDp6b34honega1xx6n,1477969838,104.10647,30.69674
9j22fi9gb62rB4luAgce49ahegf_qBbg,4da2cfjf443wB5eDp6b34honega1xx6n,1477969841,104.10666,30.69644
9j22fi9gb62rB4luAgce49ahegf_qBbg,4da2cfjf443wB5eDp6b34honega1xx6n,1477969844,104.1068,30.69612
9j22fi9gb62rB4luAgce49ahegf_qBbg,4da2cfjf443wB5eDp6b34honega1xx6n,1477969847,104.10696,30.69577
